Image, label
levle0_100_chin.jpg,0
levle0_100_fh.jpg,0
levle0_100_lc.jpg,0
levle0_101_chin.jpg,0
levle0_101_fh.jpg,0
levle0_101_lc.jpg,0
levle0_102_chin.jpg,0
levle0_102_fh.jpg,0
levle0_102_lc.jpg,0
levle0_103_chin.jpg,0
levle0_103_fh.jpg,0
levle0_103_lc.jpg,0
levle0_104_chin.jpg,0
levle0_104_fh.jpg,0
levle0_104_rc.jpg,0
levle0_105_chin.jpg,0
levle0_105_fh.jpg,0
levle0_105_lc.jpg,0
levle0_106_chin.jpg,0
levle0_106_fh.jpg,0
levle0_106_lc.jpg,0
levle0_107_chin.jpg,0
levle0_107_fh.jpg,0
levle0_107_rc.jpg,0
levle0_108_chin.jpg,0
levle0_108_fh.jpg,0
levle0_108_lc.jpg,0
levle0_109_chin.jpg,0
levle0_109_fh.jpg,0
levle0_109_lc.jpg,0
levle0_10_fh.jpg,0
levle0_10_rc.jpg,0
levle0_11.jpg,0
levle0_110_chin.jpg,0
levle0_110_fh.jpg,0
levle0_110_lc.jpg,0
levle0_111_chin.jpg,0
levle0_111_fh.jpg,0
levle0_111_lc.jpg,0
levle0_112_chin.jpg,0
levle0_112_fh.jpg,0
levle0_112_lc.jpg,0
levle0_113_chin.jpg,0
levle0_113_fh.jpg,0
levle0_113_lc.jpg,0
levle0_114_chin.jpg,0
levle0_114_fh.jpg,0
levle0_114_rc.jpg,0
levle0_115_chin.jpg,0
levle0_115_fh.jpg,0
levle0_115_rc.jpg,0
levle0_116_chin.jpg,0
levle0_116_fh.jpg,0
levle0_116_lc.jpg,0
levle0_117_chin.jpg,0
levle0_117_fh.jpg,0
levle0_117_rc.jpg,0
levle0_118_chin.jpg,0
levle0_118_fh.jpg,0
levle0_118_rc.jpg,0
levle0_119.jpg,0
levle0_120_chin.jpg,0
levle0_120_fh.jpg,0
levle0_120_rc.jpg,0
levle0_121_chin.jpg,0
levle0_121_fh.jpg,0
levle0_121_rc.jpg,0
levle0_122_chin.jpg,0
levle0_122_fh.jpg,0
levle0_122_rc.jpg,0
levle0_123.jpg,0
levle0_124_chin.jpg,0
levle0_124_fh.jpg,0
levle0_124_rc.jpg,0
levle0_125_chin.jpg,0
levle0_125_fh.jpg,0
levle0_125_lc.jpg,0
levle0_126_chin.jpg,0
levle0_126_fh.jpg,0
levle0_126_lc.jpg,0
levle0_127_chin.jpg,0
levle0_127_fh.jpg,0
levle0_127_lc.jpg,0
levle0_128_chin.jpg,0
levle0_128_fh.jpg,0
levle0_128_lc.jpg,0
levle0_129_chin.jpg,0
levle0_129_fh.jpg,0
levle0_129_lc.jpg,0
levle0_12_fh.jpg,0
levle0_12_lc.jpg,0
levle0_130_chin.jpg,0
levle0_130_fh.jpg,0
levle0_130_lc.jpg,0
levle0_131_chin.jpg,0
levle0_131_fh.jpg,0
levle0_131_lc.jpg,0
levle0_132_chin.jpg,0
levle0_132_fh.jpg,0
levle0_132_rc.jpg,0
levle0_133_chin.jpg,0
levle0_133_fh.jpg,0
levle0_133_rc.jpg,0
levle0_134_chin.jpg,0
levle0_134_fh.jpg,0
levle0_134_lc.jpg,0
levle0_135_chin.jpg,0
levle0_135_fh.jpg,0
levle0_135_lc.jpg,0
levle0_136_chin.jpg,0
levle0_136_fh.jpg,0
levle0_136_lc.jpg,0
levle0_137_fh.jpg,0
levle0_137_lc.jpg,0
levle0_138_chin.jpg,0
levle0_138_fh.jpg,0
levle0_138_lc.jpg,0
levle0_139_chin.jpg,0
levle0_139_fh.jpg,0
levle0_139_lc.jpg,0
levle0_140_chin.jpg,0
levle0_140_fh.jpg,0
levle0_140_rc.jpg,0
levle0_141_chin.jpg,0
levle0_141_fh.jpg,0
levle0_141_lc.jpg,0
levle0_142_chin.jpg,0
levle0_142_fh.jpg,0
levle0_142_lc.jpg,0
levle0_143_chin.jpg,0
levle0_143_fh.jpg,0
levle0_143_rc.jpg,0
levle0_144_chin.jpg,0
levle0_144_fh.jpg,0
levle0_144_lc.jpg,0
levle0_145_chin.jpg,0
levle0_145_fh.jpg,0
levle0_145_lc.jpg,0
levle0_146_fh.jpg,0
levle0_146_lc.jpg,0
levle0_147_chin.jpg,0
levle0_147_fh.jpg,0
levle0_147_rc.jpg,0
levle0_148_chin.jpg,0
levle0_148_fh.jpg,0
levle0_148_rc.jpg,0
levle0_149_chin.jpg,0
levle0_149_fh.jpg,0
levle0_149_lc.jpg,0
levle0_14_chin.jpg,0
levle0_14_fh.jpg,0
levle0_14_lc.jpg,0
levle0_14_rc.jpg,0
levle0_150_chin.jpg,0
levle0_150_fh.jpg,0
levle0_150_rc.jpg,0
levle0_151_chin.jpg,0
levle0_151_fh.jpg,0
levle0_151_lc.jpg,0
levle0_152_fh.jpg,0
levle0_152_rc.jpg,0
levle0_153_chin.jpg,0
levle0_153_fh.jpg,0
levle0_153_rc.jpg,0
levle0_154_chin.jpg,0
levle0_154_fh.jpg,0
levle0_154_rc.jpg,0
levle0_155_chin.jpg,0
levle0_155_fh.jpg,0
levle0_155_lc.jpg,0
levle0_156_chin.jpg,0
levle0_156_fh.jpg,0
levle0_156_rc.jpg,0
levle0_157_chin.jpg,0
levle0_157_fh.jpg,0
levle0_157_rc.jpg,0
levle0_158_chin.jpg,0
levle0_158_fh.jpg,0
levle0_158_rc.jpg,0
levle0_159_chin.jpg,0
levle0_159_fh.jpg,0
levle0_159_rc.jpg,0
levle0_15_chin.jpg,0
levle0_15_fh.jpg,0
levle0_15_lc.jpg,0
levle0_160_chin.jpg,0
levle0_160_fh.jpg,0
levle0_160_rc.jpg,0
levle0_161_fh.jpg,0
levle0_161_lc.jpg,0
levle0_162_chin.jpg,0
levle0_162_fh.jpg,0
levle0_162_rc.jpg,0
levle0_163_chin.jpg,0
levle0_163_fh.jpg,0
levle0_163_rc.jpg,0
levle0_164_chin.jpg,0
levle0_164_fh.jpg,0
levle0_164_rc.jpg,0
levle0_165_chin.jpg,0
levle0_165_fh.jpg,0
levle0_165_lc.jpg,0
levle0_166_chin.jpg,0
levle0_166_fh.jpg,0
levle0_166_rc.jpg,0
levle0_167_chin.jpg,0
levle0_167_fh.jpg,0
levle0_167_rc.jpg,0
levle0_168_chin.jpg,0
levle0_168_fh.jpg,0
levle0_168_rc.jpg,0
levle0_169_chin.jpg,0
levle0_169_fh.jpg,0
levle0_169_rc.jpg,0
levle0_16_chin.jpg,0
levle0_16_fh.jpg,0
levle0_16_rc.jpg,0
levle0_17.jpg,0
levle0_170.jpg,0
levle0_171_chin.jpg,0
levle0_171_fh.jpg,0
levle0_171_rc.jpg,0
levle0_172_chin.jpg,0
levle0_172_fh.jpg,0
levle0_172_lc.jpg,0
levle0_173_chin.jpg,0
levle0_173_fh.jpg,0
levle0_173_rc.jpg,0
levle0_174_chin.jpg,0
levle0_174_fh.jpg,0
levle0_174_rc.jpg,0
levle0_175_chin.jpg,0
levle0_175_fh.jpg,0
levle0_175_rc.jpg,0
levle0_176_chin.jpg,0
levle0_176_fh.jpg,0
levle0_176_rc.jpg,0
levle0_177_chin.jpg,0
levle0_177_fh.jpg,0
levle0_177_rc.jpg,0
levle0_178_chin.jpg,0
levle0_178_fh.jpg,0
levle0_178_lc.jpg,0
levle0_179_chin.jpg,0
levle0_179_fh.jpg,0
levle0_179_rc.jpg,0
levle0_180_chin.jpg,0
levle0_180_fh.jpg,0
levle0_180_rc.jpg,0
levle0_181_fh.jpg,0
levle0_181_lc.jpg,0
levle0_182_chin.jpg,0
levle0_182_fh.jpg,0
levle0_182_rc.jpg,0
levle0_183_chin.jpg,0
levle0_183_fh.jpg,0
levle0_183_rc.jpg,0
levle0_184.jpg,0
levle0_185_fh.jpg,0
levle0_185_lc.jpg,0
levle0_186_fh.jpg,0
levle0_186_lc.jpg,0
levle0_187_chin.jpg,0
levle0_187_fh.jpg,0
levle0_187_lc.jpg,0
levle0_188_chin.jpg,0
levle0_188_fh.jpg,0
levle0_188_lc.jpg,0
levle0_189_chin.jpg,0
levle0_189_fh.jpg,0
levle0_189_lc.jpg,0
levle0_18_chin.jpg,0
levle0_18_fh.jpg,0
levle0_18_lc.jpg,0
levle0_190_chin.jpg,0
levle0_190_fh.jpg,0
levle0_190_rc.jpg,0
levle0_192_chin.jpg,0
levle0_192_fh.jpg,0
levle0_192_rc.jpg,0
levle0_193_chin.jpg,0
levle0_193_fh.jpg,0
levle0_193_lc.jpg,0
levle0_194_chin.jpg,0
levle0_194_fh.jpg,0
levle0_194_rc.jpg,0
levle0_195_chin.jpg,0
levle0_195_fh.jpg,0
levle0_195_lc.jpg,0
levle0_196_chin.jpg,0
levle0_196_fh.jpg,0
levle0_196_rc.jpg,0
levle0_197_chin.jpg,0
levle0_197_fh.jpg,0
levle0_197_lc.jpg,0
levle0_198_chin.jpg,0
levle0_198_fh.jpg,0
levle0_198_rc.jpg,0
levle0_19_chin.jpg,0
levle0_19_fh.jpg,0
levle0_19_rc.jpg,0
levle0_1_chin.jpg,0
levle0_1_fh.jpg,0
levle0_1_rc.jpg,0
levle0_202_fh.jpg,0
levle0_202_rc.jpg,0
levle0_203_chin.jpg,0
levle0_203_fh.jpg,0
levle0_203_lc.jpg,0
levle0_204_chin.jpg,0
levle0_204_fh.jpg,0
levle0_204_lc.jpg,0
levle0_205_chin.jpg,0
levle0_205_fh.jpg,0
levle0_205_rc.jpg,0
levle0_206_chin.jpg,0
levle0_206_fh.jpg,0
levle0_206_lc.jpg,0
levle0_207_chin.jpg,0
levle0_207_fh.jpg,0
levle0_207_rc.jpg,0
levle0_209_chin.jpg,0
levle0_209_fh.jpg,0
levle0_209_lc.jpg,0
levle0_20_fh.jpg,0
levle0_20_rc.jpg,0
levle0_210_chin.jpg,0
levle0_210_fh.jpg,0
levle0_210_lc.jpg,0
levle0_211_chin.jpg,0
levle0_211_fh.jpg,0
levle0_211_rc.jpg,0
levle0_212_chin.jpg,0
levle0_212_fh.jpg,0
levle0_212_lc.jpg,0
levle0_213_chin.jpg,0
levle0_213_fh.jpg,0
levle0_213_rc.jpg,0
levle0_214.jpg,0
levle0_215.jpg,0
levle0_216_chin.jpg,0
levle0_216_fh.jpg,0
levle0_216_rc.jpg,0
levle0_217_chin.jpg,0
levle0_217_fh.jpg,0
levle0_217_lc.jpg,0
levle0_218_chin.jpg,0
levle0_218_fh.jpg,0
levle0_218_rc.jpg,0
levle0_219_chin.jpg,0
levle0_219_fh.jpg,0
levle0_219_rc.jpg,0
levle0_21_chin.jpg,0
levle0_21_fh.jpg,0
levle0_21_rc.jpg,0
levle0_220_chin.jpg,0
levle0_220_fh.jpg,0
levle0_220_rc.jpg,0
levle0_221_chin.jpg,0
levle0_221_fh.jpg,0
levle0_221_rc.jpg,0
levle0_222_chin.jpg,0
levle0_222_fh.jpg,0
levle0_222_lc.jpg,0
levle0_223_chin.jpg,0
levle0_223_fh.jpg,0
levle0_223_lc.jpg,0
levle0_224_fh.jpg,0
levle0_224_rc.jpg,0
levle0_225_chin.jpg,0
levle0_225_fh.jpg,0
levle0_225_rc.jpg,0
levle0_226_chin.jpg,0
levle0_226_fh.jpg,0
levle0_226_rc.jpg,0
levle0_227_chin.jpg,0
levle0_227_fh.jpg,0
levle0_227_lc.jpg,0
levle0_228_chin.jpg,0
levle0_228_fh.jpg,0
levle0_228_rc.jpg,0
levle0_229_chin.jpg,0
levle0_229_fh.jpg,0
levle0_229_rc.jpg,0
levle0_22_chin.jpg,0
levle0_22_fh.jpg,0
levle0_22_lc.jpg,0
levle0_230_chin.jpg,0
levle0_230_fh.jpg,0
levle0_230_lc.jpg,0
levle0_231_chin.jpg,0
levle0_231_fh.jpg,0
levle0_231_lc.jpg,0
levle0_232_chin.jpg,0
levle0_232_fh.jpg,0
levle0_232_rc.jpg,0
levle0_233_chin.jpg,0
levle0_233_fh.jpg,0
levle0_233_rc.jpg,0
levle0_234_fh.jpg,0
levle0_234_rc.jpg,0
levle0_235_chin.jpg,0
levle0_235_fh.jpg,0
levle0_235_lc.jpg,0
levle0_236_chin.jpg,0
levle0_236_fh.jpg,0
levle0_236_lc.jpg,0
levle0_238_chin.jpg,0
levle0_238_fh.jpg,0
levle0_238_lc.jpg,0
levle0_239_chin.jpg,0
levle0_239_fh.jpg,0
levle0_239_rc.jpg,0
levle0_23_chin.jpg,0
levle0_23_fh.jpg,0
levle0_23_lc.jpg,0
levle0_240_chin.jpg,0
levle0_240_fh.jpg,0
levle0_240_lc.jpg,0
levle0_241_chin.jpg,0
levle0_241_fh.jpg,0
levle0_241_rc.jpg,0
levle0_242_chin.jpg,0
levle0_242_fh.jpg,0
levle0_242_rc.jpg,0
levle0_243_chin.jpg,0
levle0_243_fh.jpg,0
levle0_243_lc.jpg,0
levle0_244_chin.jpg,0
levle0_244_fh.jpg,0
levle0_244_rc.jpg,0
levle0_245_chin.jpg,0
levle0_245_fh.jpg,0
levle0_245_rc.jpg,0
levle0_246_chin.jpg,0
levle0_246_fh.jpg,0
levle0_246_lc.jpg,0
levle0_247_chin.jpg,0
levle0_247_fh.jpg,0
levle0_247_lc.jpg,0
levle0_248_chin.jpg,0
levle0_248_fh.jpg,0
levle0_248_lc.jpg,0
levle0_249_chin.jpg,0
levle0_249_fh.jpg,0
levle0_249_rc.jpg,0
levle0_24_chin.jpg,0
levle0_24_fh.jpg,0
levle0_24_lc.jpg,0
levle0_25.jpg,0
levle0_250_chin.jpg,0
levle0_250_fh.jpg,0
levle0_250_rc.jpg,0
levle0_251_chin.jpg,0
levle0_251_fh.jpg,0
levle0_251_lc.jpg,0
levle0_252_chin.jpg,0
levle0_252_fh.jpg,0
levle0_252_lc.jpg,0
levle0_253_chin.jpg,0
levle0_253_fh.jpg,0
levle0_253_rc.jpg,0
levle0_255.jpg,0
levle0_256_chin.jpg,0
levle0_256_fh.jpg,0
levle0_256_lc.jpg,0
levle0_257_chin.jpg,0
levle0_257_fh.jpg,0
levle0_257_rc.jpg,0
levle0_258_chin.jpg,0
levle0_258_fh.jpg,0
levle0_258_lc.jpg,0
levle0_259_chin.jpg,0
levle0_259_fh.jpg,0
levle0_259_lc.jpg,0
levle0_260_chin.jpg,0
levle0_260_fh.jpg,0
levle0_260_lc.jpg,0
levle0_261_chin.jpg,0
levle0_261_fh.jpg,0
levle0_261_lc.jpg,0
levle0_263_chin.jpg,0
levle0_263_fh.jpg,0
levle0_263_lc.jpg,0
levle0_264_chin.jpg,0
levle0_264_fh.jpg,0
levle0_264_lc.jpg,0
levle0_265_chin.jpg,0
levle0_265_fh.jpg,0
levle0_265_rc.jpg,0
levle0_266_chin.jpg,0
levle0_266_fh.jpg,0
levle0_266_rc.jpg,0
levle0_267_chin.jpg,0
levle0_267_fh.jpg,0
levle0_267_lc.jpg,0
levle0_268_chin.jpg,0
levle0_268_fh.jpg,0
levle0_268_rc.jpg,0
levle0_269_chin.jpg,0
levle0_269_fh.jpg,0
levle0_269_rc.jpg,0
levle0_26_fh.jpg,0
levle0_26_rc.jpg,0
levle0_270_chin.jpg,0
levle0_270_fh.jpg,0
levle0_270_lc.jpg,0
levle0_271_fh.jpg,0
levle0_271_rc.jpg,0
levle0_272_chin.jpg,0
levle0_272_fh.jpg,0
levle0_272_lc.jpg,0
levle0_273_chin.jpg,0
levle0_273_fh.jpg,0
levle0_273_rc.jpg,0
levle0_274_chin.jpg,0
levle0_274_fh.jpg,0
levle0_274_lc.jpg,0
levle0_275_chin.jpg,0
levle0_275_fh.jpg,0
levle0_275_lc.jpg,0
levle0_276_chin.jpg,0
levle0_276_fh.jpg,0
levle0_276_lc.jpg,0
levle0_277_chin.jpg,0
levle0_277_fh.jpg,0
levle0_277_rc.jpg,0
levle0_278_chin.jpg,0
levle0_278_fh.jpg,0
levle0_278_lc.jpg,0
levle0_279_chin.jpg,0
levle0_279_fh.jpg,0
levle0_279_lc.jpg,0
levle0_27_chin.jpg,0
levle0_27_fh.jpg,0
levle0_27_rc.jpg,0
levle0_280.jpg,0
levle0_281_chin.jpg,0
levle0_281_fh.jpg,0
levle0_281_rc.jpg,0
levle0_282_chin.jpg,0
levle0_282_fh.jpg,0
levle0_282_rc.jpg,0
levle0_283_chin.jpg,0
levle0_283_fh.jpg,0
levle0_283_rc.jpg,0
levle0_284_chin.jpg,0
levle0_284_fh.jpg,0
levle0_284_lc.jpg,0
levle0_285_chin.jpg,0
levle0_285_fh.jpg,0
levle0_285_lc.jpg,0
levle0_286.jpg,0
levle0_287_chin.jpg,0
levle0_287_fh.jpg,0
levle0_287_rc.jpg,0
levle0_288_chin.jpg,0
levle0_288_fh.jpg,0
levle0_288_lc.jpg,0
levle0_289_chin.jpg,0
levle0_289_fh.jpg,0
levle0_289_lc.jpg,0
levle0_289_rc.jpg,0
levle0_28_chin.jpg,0
levle0_28_fh.jpg,0
levle0_28_rc.jpg,0
levle0_290_chin.jpg,0
levle0_290_fh.jpg,0
levle0_290_lc.jpg,0
levle0_291_fh.jpg,0
levle0_291_lc.jpg,0
levle0_292_fh.jpg,0
levle0_292_rc.jpg,0
levle0_293_chin.jpg,0
levle0_293_fh.jpg,0
levle0_293_rc.jpg,0
levle0_294_chin.jpg,0
levle0_294_fh.jpg,0
levle0_294_rc.jpg,0
levle0_295_fh.jpg,0
levle0_295_rc.jpg,0
levle0_296_chin.jpg,0
levle0_296_fh.jpg,0
levle0_296_lc.jpg,0
levle0_297_chin.jpg,0
levle0_297_fh.jpg,0
levle0_297_lc.jpg,0
levle0_298_chin.jpg,0
levle0_298_fh.jpg,0
levle0_298_lc.jpg,0
levle0_298_rc.jpg,0
levle0_299_fh.jpg,0
levle0_299_rc.jpg,0
levle0_2_chin.jpg,0
levle0_2_fh.jpg,0
levle0_2_lc.jpg,0
levle0_300_fh.jpg,0
levle0_300_lc.jpg,0
levle0_301_fh.jpg,0
levle0_301_lc.jpg,0
levle0_302_chin.jpg,0
levle0_302_fh.jpg,0
levle0_302_rc.jpg,0
levle0_303_chin.jpg,0
levle0_303_fh.jpg,0
levle0_303_rc.jpg,0
levle0_304_chin.jpg,0
levle0_304_fh.jpg,0
levle0_304_rc.jpg,0
levle0_305_fh.jpg,0
levle0_305_rc.jpg,0
levle0_306_chin.jpg,0
levle0_306_fh.jpg,0
levle0_306_rc.jpg,0
levle0_307_fh.jpg,0
levle0_307_rc.jpg,0
levle0_308_chin.jpg,0
levle0_308_fh.jpg,0
levle0_308_rc.jpg,0
levle0_309_chin.jpg,0
levle0_309_fh.jpg,0
levle0_309_rc.jpg,0
levle0_310_chin.jpg,0
levle0_310_fh.jpg,0
levle0_310_lc.jpg,0
levle0_311_chin.jpg,0
levle0_311_fh.jpg,0
levle0_311_lc.jpg,0
levle0_312_chin.jpg,0
levle0_312_fh.jpg,0
levle0_312_rc.jpg,0
levle0_313_chin.jpg,0
levle0_313_fh.jpg,0
levle0_313_lc.jpg,0
levle0_314_chin.jpg,0
levle0_314_fh.jpg,0
levle0_314_lc.jpg,0
levle0_314_rc.jpg,0
levle0_315_chin.jpg,0
levle0_315_fh.jpg,0
levle0_315_lc.jpg,0
levle0_316_fh.jpg,0
levle0_316_rc.jpg,0
levle0_317_chin.jpg,0
levle0_317_fh.jpg,0
levle0_317_rc.jpg,0
levle0_318_chin.jpg,0
levle0_318_fh.jpg,0
levle0_318_lc.jpg,0
levle0_319_chin.jpg,0
levle0_319_fh.jpg,0
levle0_319_rc.jpg,0
levle0_31_fh.jpg,0
levle0_31_rc.jpg,0
levle0_32.jpg,0
levle0_320_chin.jpg,0
levle0_320_fh.jpg,0
levle0_320_lc.jpg,0
levle0_321_chin.jpg,0
levle0_321_fh.jpg,0
levle0_321_rc.jpg,0
levle0_322_chin.jpg,0
levle0_322_fh.jpg,0
levle0_322_lc.jpg,0
levle0_323_chin.jpg,0
levle0_323_fh.jpg,0
levle0_323_lc.jpg,0
levle0_324_chin.jpg,0
levle0_324_fh.jpg,0
levle0_324_lc.jpg,0
levle0_325_chin.jpg,0
levle0_325_fh.jpg,0
levle0_325_lc.jpg,0
levle0_325_rc.jpg,0
levle0_326_chin.jpg,0
levle0_326_fh.jpg,0
levle0_326_lc.jpg,0
levle0_327_chin.jpg,0
levle0_327_fh.jpg,0
levle0_327_lc.jpg,0
levle0_328_chin.jpg,0
levle0_328_fh.jpg,0
levle0_328_lc.jpg,0
levle0_329_chin.jpg,0
levle0_329_fh.jpg,0
levle0_329_lc.jpg,0
levle0_330_chin.jpg,0
levle0_330_fh.jpg,0
levle0_330_lc.jpg,0
levle0_331_chin.jpg,0
levle0_331_fh.jpg,0
levle0_331_lc.jpg,0
levle0_332_chin.jpg,0
levle0_332_fh.jpg,0
levle0_332_rc.jpg,0
levle0_334_chin.jpg,0
levle0_334_fh.jpg,0
levle0_334_lc.jpg,0
levle0_335_chin.jpg,0
levle0_335_fh.jpg,0
levle0_335_rc.jpg,0
levle0_336_chin.jpg,0
levle0_336_fh.jpg,0
levle0_336_lc.jpg,0
levle0_337_chin.jpg,0
levle0_337_fh.jpg,0
levle0_337_lc.jpg,0
levle0_338_chin.jpg,0
levle0_338_fh.jpg,0
levle0_338_rc.jpg,0
levle0_339_chin.jpg,0
levle0_339_fh.jpg,0
levle0_339_rc.jpg,0
levle0_33_chin.jpg,0
levle0_33_fh.jpg,0
levle0_33_rc.jpg,0
levle0_340_chin.jpg,0
levle0_340_fh.jpg,0
levle0_340_rc.jpg,0
levle0_341_chin.jpg,0
levle0_341_fh.jpg,0
levle0_341_lc.jpg,0
levle0_342_chin.jpg,0
levle0_342_fh.jpg,0
levle0_342_lc.jpg,0
levle0_343_chin.jpg,0
levle0_343_fh.jpg,0
levle0_343_lc.jpg,0
levle0_345_chin.jpg,0
levle0_345_fh.jpg,0
levle0_345_lc.jpg,0
levle0_346_chin.jpg,0
levle0_346_fh.jpg,0
levle0_346_lc.jpg,0
levle0_347_chin.jpg,0
levle0_347_fh.jpg,0
levle0_347_rc.jpg,0
levle0_349_chin.jpg,0
levle0_349_fh.jpg,0
levle0_349_rc.jpg,0
levle0_34_chin.jpg,0
levle0_34_fh.jpg,0
levle0_34_lc.jpg,0
levle0_350_chin.jpg,0
levle0_350_fh.jpg,0
levle0_350_rc.jpg,0
levle0_351_chin.jpg,0
levle0_351_fh.jpg,0
levle0_351_rc.jpg,0
levle0_353_chin.jpg,0
levle0_353_fh.jpg,0
levle0_353_rc.jpg,0
levle0_354_chin.jpg,0
levle0_354_fh.jpg,0
levle0_354_lc.jpg,0
levle0_355_chin.jpg,0
levle0_355_fh.jpg,0
levle0_355_lc.jpg,0
levle0_356_fh.jpg,0
levle0_356_rc.jpg,0
levle0_357_fh.jpg,0
levle0_357_lc.jpg,0
levle0_358_chin.jpg,0
levle0_358_fh.jpg,0
levle0_358_rc.jpg,0
levle0_359_chin.jpg,0
levle0_359_fh.jpg,0
levle0_359_lc.jpg,0
levle0_359_rc.jpg,0
levle0_35_fh.jpg,0
levle0_35_lc.jpg,0
levle0_360_chin.jpg,0
levle0_360_fh.jpg,0
levle0_360_lc.jpg,0
levle0_361_chin.jpg,0
levle0_361_fh.jpg,0
levle0_361_lc.jpg,0
levle0_362_chin.jpg,0
levle0_362_fh.jpg,0
levle0_362_lc.jpg,0
levle0_363_chin.jpg,0
levle0_363_fh.jpg,0
levle0_363_lc.jpg,0
levle0_364_chin.jpg,0
levle0_364_fh.jpg,0
levle0_364_rc.jpg,0
levle0_365_rc.jpg,0
levle0_366_chin.jpg,0
levle0_366_fh.jpg,0
levle0_366_lc.jpg,0
levle0_367_chin.jpg,0
levle0_367_fh.jpg,0
levle0_367_rc.jpg,0
levle0_368_fh.jpg,0
levle0_368_lc.jpg,0
levle0_36_chin.jpg,0
levle0_36_fh.jpg,0
levle0_36_lc.jpg,0
levle0_371_chin.jpg,0
levle0_371_fh.jpg,0
levle0_371_lc.jpg,0
levle0_372_chin.jpg,0
levle0_372_fh.jpg,0
levle0_372_rc.jpg,0
levle0_373_chin.jpg,0
levle0_373_fh.jpg,0
levle0_373_rc.jpg,0
levle0_374_chin.jpg,0
levle0_374_fh.jpg,0
levle0_374_lc.jpg,0
levle0_375_chin.jpg,0
levle0_375_fh.jpg,0
levle0_375_lc.jpg,0
levle0_376_chin.jpg,0
levle0_376_fh.jpg,0
levle0_376_lc.jpg,0
levle0_377_chin.jpg,0
levle0_377_fh.jpg,0
levle0_377_rc.jpg,0
levle0_378_chin.jpg,0
levle0_378_fh.jpg,0
levle0_378_rc.jpg,0
levle0_379_chin.jpg,0
levle0_379_fh.jpg,0
levle0_379_rc.jpg,0
levle0_37_chin.jpg,0
levle0_37_fh.jpg,0
levle0_37_rc.jpg,0
levle0_380_fh.jpg,0
levle0_380_rc.jpg,0
levle0_381_chin.jpg,0
levle0_381_fh.jpg,0
levle0_381_lc.jpg,0
levle0_382_chin.jpg,0
levle0_382_fh.jpg,0
levle0_382_rc.jpg,0
levle0_383_chin.jpg,0
levle0_383_fh.jpg,0
levle0_383_rc.jpg,0
levle0_384_chin.jpg,0
levle0_384_fh.jpg,0
levle0_384_rc.jpg,0
levle0_385_chin.jpg,0
levle0_385_fh.jpg,0
levle0_385_lc.jpg,0
levle0_386_chin.jpg,0
levle0_386_fh.jpg,0
levle0_386_rc.jpg,0
levle0_387_chin.jpg,0
levle0_387_fh.jpg,0
levle0_387_rc.jpg,0
levle0_388_chin.jpg,0
levle0_388_fh.jpg,0
levle0_388_lc.jpg,0
levle0_389_chin.jpg,0
levle0_389_fh.jpg,0
levle0_389_rc.jpg,0
levle0_38_chin.jpg,0
levle0_38_fh.jpg,0
levle0_38_rc.jpg,0
levle0_390_chin.jpg,0
levle0_390_fh.jpg,0
levle0_390_lc.jpg,0
levle0_391_chin.jpg,0
levle0_391_fh.jpg,0
levle0_391_lc.jpg,0
levle0_392_chin.jpg,0
levle0_392_fh.jpg,0
levle0_392_rc.jpg,0
levle0_393_chin.jpg,0
levle0_393_fh.jpg,0
levle0_393_lc.jpg,0
levle0_394_fh.jpg,0
levle0_394_rc.jpg,0
levle0_395_chin.jpg,0
levle0_395_fh.jpg,0
levle0_395_lc.jpg,0
levle0_396_chin.jpg,0
levle0_396_fh.jpg,0
levle0_396_rc.jpg,0
levle0_397_chin.jpg,0
levle0_397_fh.jpg,0
levle0_397_lc.jpg,0
levle0_398_chin.jpg,0
levle0_398_fh.jpg,0
levle0_398_rc.jpg,0
levle0_399_chin.jpg,0
levle0_399_fh.jpg,0
levle0_399_lc.jpg,0
levle0_39_chin.jpg,0
levle0_39_fh.jpg,0
levle0_39_lc.jpg,0
levle0_3_fh.jpg,0
levle0_3_rc.jpg,0
levle0_400_chin.jpg,0
levle0_400_fh.jpg,0
levle0_400_lc.jpg,0
levle0_401_chin.jpg,0
levle0_401_fh.jpg,0
levle0_401_rc.jpg,0
levle0_402_chin.jpg,0
levle0_402_fh.jpg,0
levle0_402_lc.jpg,0
levle0_403_chin.jpg,0
levle0_403_fh.jpg,0
levle0_403_rc.jpg,0
levle0_404_chin.jpg,0
levle0_404_fh.jpg,0
levle0_404_lc.jpg,0
levle0_405_chin.jpg,0
levle0_405_fh.jpg,0
levle0_405_rc.jpg,0
levle0_406_chin.jpg,0
levle0_406_fh.jpg,0
levle0_406_lc.jpg,0
levle0_407_chin.jpg,0
levle0_407_fh.jpg,0
levle0_407_lc.jpg,0
levle0_409_chin.jpg,0
levle0_409_fh.jpg,0
levle0_409_lc.jpg,0
levle0_40_chin.jpg,0
levle0_40_fh.jpg,0
levle0_40_lc.jpg,0
levle0_410_chin.jpg,0
levle0_410_fh.jpg,0
levle0_410_rc.jpg,0
levle0_411_chin.jpg,0
levle0_411_fh.jpg,0
levle0_411_lc.jpg,0
levle0_412_chin.jpg,0
levle0_412_fh.jpg,0
levle0_412_rc.jpg,0
levle0_413_fh.jpg,0
levle0_413_rc.jpg,0
levle0_414_fh.jpg,0
levle0_414_lc.jpg,0
levle0_415_chin.jpg,0
levle0_415_fh.jpg,0
levle0_415_lc.jpg,0
levle0_416_chin.jpg,0
levle0_416_fh.jpg,0
levle0_416_rc.jpg,0
levle0_417_chin.jpg,0
levle0_417_fh.jpg,0
levle0_417_lc.jpg,0
levle0_418_chin.jpg,0
levle0_418_fh.jpg,0
levle0_418_lc.jpg,0
levle0_419_chin.jpg,0
levle0_419_fh.jpg,0
levle0_419_rc.jpg,0
levle0_41_chin.jpg,0
levle0_41_fh.jpg,0
levle0_41_rc.jpg,0
levle0_420_chin.jpg,0
levle0_420_fh.jpg,0
levle0_420_rc.jpg,0
levle0_421_chin.jpg,0
levle0_421_fh.jpg,0
levle0_421_lc.jpg,0
levle0_422_chin.jpg,0
levle0_422_fh.jpg,0
levle0_422_lc.jpg,0
levle0_423_chin.jpg,0
levle0_423_fh.jpg,0
levle0_423_rc.jpg,0
levle0_424_chin.jpg,0
levle0_424_fh.jpg,0
levle0_424_rc.jpg,0
levle0_425_chin.jpg,0
levle0_425_fh.jpg,0
levle0_425_rc.jpg,0
levle0_426_chin.jpg,0
levle0_426_fh.jpg,0
levle0_426_lc.jpg,0
levle0_427_chin.jpg,0
levle0_427_fh.jpg,0
levle0_427_lc.jpg,0
levle0_428_chin.jpg,0
levle0_428_fh.jpg,0
levle0_428_rc.jpg,0
levle0_429_chin.jpg,0
levle0_429_fh.jpg,0
levle0_429_rc.jpg,0
levle0_42_chin.jpg,0
levle0_42_fh.jpg,0
levle0_42_lc.jpg,0
levle0_430_chin.jpg,0
levle0_430_fh.jpg,0
levle0_430_lc.jpg,0
levle0_432_chin.jpg,0
levle0_432_fh.jpg,0
levle0_432_rc.jpg,0
levle0_436_chin.jpg,0
levle0_436_fh.jpg,0
levle0_436_lc.jpg,0
levle0_438_chin.jpg,0
levle0_438_fh.jpg,0
levle0_438_lc.jpg,0
levle0_439_chin.jpg,0
levle0_439_fh.jpg,0
levle0_439_lc.jpg,0
levle0_43_chin.jpg,0
levle0_43_fh.jpg,0
levle0_43_lc.jpg,0
levle0_440_chin.jpg,0
levle0_440_fh.jpg,0
levle0_440_lc.jpg,0
levle0_441_chin.jpg,0
levle0_441_fh.jpg,0
levle0_441_rc.jpg,0
levle0_442_chin.jpg,0
levle0_442_fh.jpg,0
levle0_442_rc.jpg,0
levle0_443_chin.jpg,0
levle0_443_fh.jpg,0
levle0_443_lc.jpg,0
levle0_444_chin.jpg,0
levle0_444_fh.jpg,0
levle0_444_rc.jpg,0
levle0_446_chin.jpg,0
levle0_446_fh.jpg,0
levle0_446_rc.jpg,0
levle0_447_chin.jpg,0
levle0_447_fh.jpg,0
levle0_447_rc.jpg,0
levle0_448_chin.jpg,0
levle0_448_fh.jpg,0
levle0_448_rc.jpg,0
levle0_449_chin.jpg,0
levle0_449_fh.jpg,0
levle0_449_lc.jpg,0
levle0_44_chin.jpg,0
levle0_44_fh.jpg,0
levle0_44_lc.jpg,0
levle0_450_chin.jpg,0
levle0_450_fh.jpg,0
levle0_450_lc.jpg,0
levle0_451_chin.jpg,0
levle0_451_fh.jpg,0
levle0_451_rc.jpg,0
levle0_452_chin.jpg,0
levle0_452_fh.jpg,0
levle0_452_rc.jpg,0
levle0_453_chin.jpg,0
levle0_453_fh.jpg,0
levle0_453_rc.jpg,0
levle0_454.jpg,0
levle0_455_rc.jpg,0
levle0_456.jpg,0
levle0_457.jpg,0
levle0_458.jpg,0
levle0_459_chin.jpg,0
levle0_459_fh.jpg,0
levle0_459_lc.jpg,0
levle0_45_chin.jpg,0
levle0_45_fh.jpg,0
levle0_45_rc.jpg,0
levle0_460_chin.jpg,0
levle0_460_fh.jpg,0
levle0_460_lc.jpg,0
levle0_461_chin.jpg,0
levle0_461_fh.jpg,0
levle0_461_lc.jpg,0
levle0_462_chin.jpg,0
levle0_462_fh.jpg,0
levle0_462_lc.jpg,0
levle0_463_lc.jpg,0
levle0_465.jpg,0
levle0_466_fh.jpg,0
levle0_466_lc.jpg,0
levle0_467_lc.jpg,0
levle0_468_chin.jpg,0
levle0_468_fh.jpg,0
levle0_468_lc.jpg,0
levle0_469_chin.jpg,0
levle0_469_fh.jpg,0
levle0_469_lc.jpg,0
levle0_46_chin.jpg,0
levle0_46_fh.jpg,0
levle0_46_lc.jpg,0
levle0_470_chin.jpg,0
levle0_470_fh.jpg,0
levle0_470_rc.jpg,0
levle0_471_chin.jpg,0
levle0_471_fh.jpg,0
levle0_471_rc.jpg,0
levle0_473_chin.jpg,0
levle0_473_fh.jpg,0
levle0_473_rc.jpg,0
levle0_474_chin.jpg,0
levle0_474_fh.jpg,0
levle0_474_lc.jpg,0
levle0_475_chin.jpg,0
levle0_475_fh.jpg,0
levle0_475_rc.jpg,0
levle0_476_chin.jpg,0
levle0_476_fh.jpg,0
levle0_476_lc.jpg,0
levle0_477.jpg,0
levle0_478_chin.jpg,0
levle0_478_fh.jpg,0
levle0_478_rc.jpg,0
levle0_47_chin.jpg,0
levle0_47_fh.jpg,0
levle0_47_lc.jpg,0
levle0_480_chin.jpg,0
levle0_480_fh.jpg,0
levle0_480_rc.jpg,0
levle0_482_chin.jpg,0
levle0_482_fh.jpg,0
levle0_482_lc.jpg,0
levle0_483_chin.jpg,0
levle0_483_fh.jpg,0
levle0_483_rc.jpg,0
levle0_484_chin.jpg,0
levle0_484_fh.jpg,0
levle0_484_lc.jpg,0
levle0_485_chin.jpg,0
levle0_485_fh.jpg,0
levle0_485_rc.jpg,0
levle0_486_chin.jpg,0
levle0_486_fh.jpg,0
levle0_486_lc.jpg,0
levle0_487_chin.jpg,0
levle0_487_fh.jpg,0
levle0_487_rc.jpg,0
levle0_488_chin.jpg,0
levle0_488_fh.jpg,0
levle0_488_lc.jpg,0
levle0_489_chin.jpg,0
levle0_489_fh.jpg,0
levle0_489_lc.jpg,0
levle0_48_chin.jpg,0
levle0_48_fh.jpg,0
levle0_48_lc.jpg,0
levle0_491_chin.jpg,0
levle0_491_fh.jpg,0
levle0_491_lc.jpg,0
levle0_492_chin.jpg,0
levle0_492_fh.jpg,0
levle0_492_rc.jpg,0
levle0_493_chin.jpg,0
levle0_493_fh.jpg,0
levle0_493_rc.jpg,0
levle0_494_chin.jpg,0
levle0_494_fh.jpg,0
levle0_494_rc.jpg,0
levle0_495_chin.jpg,0
levle0_495_fh.jpg,0
levle0_495_lc.jpg,0
levle0_496_chin.jpg,0
levle0_496_fh.jpg,0
levle0_496_lc.jpg,0
levle0_497_chin.jpg,0
levle0_497_fh.jpg,0
levle0_497_rc.jpg,0
levle0_498_fh.jpg,0
levle0_498_rc.jpg,0
levle0_499_chin.jpg,0
levle0_499_fh.jpg,0
levle0_499_rc.jpg,0
levle0_49_chin.jpg,0
levle0_49_fh.jpg,0
levle0_49_rc.jpg,0
levle0_4_chin.jpg,0
levle0_4_fh.jpg,0
levle0_4_rc.jpg,0
levle0_501_fh.jpg,0
levle0_501_rc.jpg,0
levle0_503_chin.jpg,0
levle0_503_fh.jpg,0
levle0_503_lc.jpg,0
levle0_504_chin.jpg,0
levle0_504_fh.jpg,0
levle0_504_rc.jpg,0
levle0_505_fh.jpg,0
levle0_505_rc.jpg,0
levle0_506_chin.jpg,0
levle0_506_fh.jpg,0
levle0_506_rc.jpg,0
levle0_507_chin.jpg,0
levle0_507_fh.jpg,0
levle0_507_rc.jpg,0
levle0_508_chin.jpg,0
levle0_508_fh.jpg,0
levle0_508_rc.jpg,0
levle0_509_chin.jpg,0
levle0_509_fh.jpg,0
levle0_509_lc.jpg,0
levle0_50_chin.jpg,0
levle0_50_fh.jpg,0
levle0_50_lc.jpg,0
levle0_510_chin.jpg,0
levle0_510_fh.jpg,0
levle0_510_rc.jpg,0
levle0_511_chin.jpg,0
levle0_511_fh.jpg,0
levle0_511_rc.jpg,0
levle0_512_chin.jpg,0
levle0_512_fh.jpg,0
levle0_512_lc.jpg,0
levle0_513_chin.jpg,0
levle0_513_fh.jpg,0
levle0_513_lc.jpg,0
levle0_514_chin.jpg,0
levle0_514_fh.jpg,0
levle0_514_lc.jpg,0
levle0_515_chin.jpg,0
levle0_515_fh.jpg,0
levle0_515_rc.jpg,0
levle0_516_fh.jpg,0
levle0_516_rc.jpg,0
levle0_517_chin.jpg,0
levle0_517_fh.jpg,0
levle0_517_rc.jpg,0
levle0_518_chin.jpg,0
levle0_518_fh.jpg,0
levle0_518_rc.jpg,0
levle0_519_fh.jpg,0
levle0_519_rc.jpg,0
levle0_51_chin.jpg,0
levle0_51_fh.jpg,0
levle0_51_rc.jpg,0
levle0_520_chin.jpg,0
levle0_520_fh.jpg,0
levle0_520_lc.jpg,0
levle0_521_chin.jpg,0
levle0_521_fh.jpg,0
levle0_521_lc.jpg,0
levle0_522_chin.jpg,0
levle0_522_fh.jpg,0
levle0_522_lc.jpg,0
levle0_523_chin.jpg,0
levle0_523_fh.jpg,0
levle0_523_lc.jpg,0
levle0_524_chin.jpg,0
levle0_524_fh.jpg,0
levle0_524_rc.jpg,0
levle0_526_chin.jpg,0
levle0_526_fh.jpg,0
levle0_526_lc.jpg,0
levle0_527_chin.jpg,0
levle0_527_fh.jpg,0
levle0_527_rc.jpg,0
levle0_528_chin.jpg,0
levle0_528_fh.jpg,0
levle0_528_lc.jpg,0
levle0_529_chin.jpg,0
levle0_529_fh.jpg,0
levle0_529_rc.jpg,0
levle0_52_chin.jpg,0
levle0_52_fh.jpg,0
levle0_52_lc.jpg,0
levle0_530_chin.jpg,0
levle0_530_fh.jpg,0
levle0_530_lc.jpg,0
levle0_531_chin.jpg,0
levle0_531_fh.jpg,0
levle0_531_rc.jpg,0
levle0_532.jpg,0
levle0_53_chin.jpg,0
levle0_53_fh.jpg,0
levle0_53_lc.jpg,0
levle0_54_chin.jpg,0
levle0_54_fh.jpg,0
levle0_54_rc.jpg,0
levle0_55_chin.jpg,0
levle0_55_fh.jpg,0
levle0_55_rc.jpg,0
levle0_56_fh.jpg,0
levle0_56_rc.jpg,0
levle0_57.jpg,0
levle0_58.jpg,0
levle0_59.jpg,0
levle0_5_fh.jpg,0
levle0_5_lc.jpg,0
levle0_60.jpg,0
levle0_61.jpg,0
levle0_62.jpg,0
levle0_63_lc.jpg,0
levle0_64_chin.jpg,0
levle0_64_fh.jpg,0
levle0_64_lc.jpg,0
levle0_66_chin.jpg,0
levle0_66_fh.jpg,0
levle0_66_lc.jpg,0
levle0_67_chin.jpg,0
levle0_67_fh.jpg,0
levle0_67_rc.jpg,0
levle0_68_chin.jpg,0
levle0_68_fh.jpg,0
levle0_68_rc.jpg,0
levle0_69_chin.jpg,0
levle0_69_fh.jpg,0
levle0_69_rc.jpg,0
levle0_6_rc.jpg,0
levle0_7.jpg,0
levle0_70_chin.jpg,0
levle0_70_fh.jpg,0
levle0_70_lc.jpg,0
levle0_72.jpg,0
levle0_73.jpg,0
levle0_74.jpg,0
levle0_75.jpg,0
levle0_76_chin.jpg,0
levle0_76_fh.jpg,0
levle0_76_lc.jpg,0
levle0_77_chin.jpg,0
levle0_77_fh.jpg,0
levle0_77_rc.jpg,0
levle0_78_chin.jpg,0
levle0_78_fh.jpg,0
levle0_78_rc.jpg,0
levle0_79_chin.jpg,0
levle0_79_fh.jpg,0
levle0_79_rc.jpg,0
levle0_8.jpg,0
levle0_80_chin.jpg,0
levle0_80_fh.jpg,0
levle0_80_lc.jpg,0
levle0_81_chin.jpg,0
levle0_81_fh.jpg,0
levle0_81_lc.jpg,0
levle0_82_fh.jpg,0
levle0_82_rc.jpg,0
levle0_83_fh.jpg,0
levle0_83_lc.jpg,0
levle0_85_chin.jpg,0
levle0_85_fh.jpg,0
levle0_85_lc.jpg,0
levle0_86.jpg,0
levle0_87_fh.jpg,0
levle0_87_lc.jpg,0
levle0_88_fh.jpg,0
levle0_88_lc.jpg,0
levle0_89_chin.jpg,0
levle0_89_fh.jpg,0
levle0_89_lc.jpg,0
levle0_90_chin.jpg,0
levle0_90_fh.jpg,0
levle0_90_lc.jpg,0
levle0_91_chin.jpg,0
levle0_91_fh.jpg,0
levle0_91_rc.jpg,0
levle0_92_chin.jpg,0
levle0_92_fh.jpg,0
levle0_92_rc.jpg,0
levle0_94_chin.jpg,0
levle0_94_fh.jpg,0
levle0_94_lc.jpg,0
levle0_95_chin.jpg,0
levle0_95_fh.jpg,0
levle0_95_lc.jpg,0
levle0_96_chin.jpg,0
levle0_96_fh.jpg,0
levle0_96_lc.jpg,0
levle0_97_chin.jpg,0
levle0_97_fh.jpg,0
levle0_97_lc.jpg,0
levle0_98_fh.jpg,0
levle0_98_lc.jpg,0
levle0_99_fh.jpg,0
levle0_99_lc.jpg,0
levle0_9_fh.jpg,0
levle0_9_lc.jpg,0
levle1_0_fh.jpg,1
levle1_0_rc.jpg,1
levle1_100_chin.jpg,1
levle1_100_fh.jpg,1
levle1_100_rc.jpg,1
levle1_101_chin.jpg,1
levle1_101_fh.jpg,1
levle1_101_lc.jpg,1
levle1_102_chin.jpg,1
levle1_102_fh.jpg,1
levle1_102_lc.jpg,1
levle1_103_chin.jpg,1
levle1_103_fh.jpg,1
levle1_103_rc.jpg,1
levle1_104.jpg,1
levle1_105_fh.jpg,1
levle1_105_lc.jpg,1
levle1_106_chin.jpg,1
levle1_106_fh.jpg,1
levle1_106_lc.jpg,1
levle1_107_chin.jpg,1
levle1_107_fh.jpg,1
levle1_107_rc.jpg,1
levle1_108_chin.jpg,1
levle1_108_fh.jpg,1
levle1_108_lc.jpg,1
levle1_109_chin.jpg,1
levle1_109_fh.jpg,1
levle1_109_rc.jpg,1
levle1_10_fh.jpg,1
levle1_10_rc.jpg,1
levle1_11.jpg,1
levle1_110_chin.jpg,1
levle1_110_fh.jpg,1
levle1_110_rc.jpg,1
levle1_111_rc.jpg,1
levle1_112_fh.jpg,1
levle1_112_lc.jpg,1
levle1_113_chin.jpg,1
levle1_113_fh.jpg,1
levle1_113_lc.jpg,1
levle1_114.jpg,1
levle1_115_fh.jpg,1
levle1_115_lc.jpg,1
levle1_116_chin.jpg,1
levle1_116_fh.jpg,1
levle1_116_rc.jpg,1
levle1_117_chin.jpg,1
levle1_117_fh.jpg,1
levle1_117_rc.jpg,1
levle1_118_chin.jpg,1
levle1_118_fh.jpg,1
levle1_118_lc.jpg,1
levle1_119_fh.jpg,1
levle1_119_lc.jpg,1
levle1_120_chin.jpg,1
levle1_120_fh.jpg,1
levle1_120_lc.jpg,1
levle1_121_chin.jpg,1
levle1_121_fh.jpg,1
levle1_121_rc.jpg,1
levle1_122_chin.jpg,1
levle1_122_fh.jpg,1
levle1_122_lc.jpg,1
levle1_122_rc.jpg,1
levle1_123_chin.jpg,1
levle1_123_fh.jpg,1
levle1_123_rc.jpg,1
levle1_124_chin.jpg,1
levle1_124_fh.jpg,1
levle1_124_lc.jpg,1
levle1_125_chin.jpg,1
levle1_125_fh.jpg,1
levle1_125_lc.jpg,1
levle1_126_fh.jpg,1
levle1_126_lc.jpg,1
levle1_127_chin.jpg,1
levle1_127_fh.jpg,1
levle1_127_rc.jpg,1
levle1_128.jpg,1
levle1_129_chin.jpg,1
levle1_129_fh.jpg,1
levle1_129_lc.jpg,1
levle1_12_fh.jpg,1
levle1_12_lc.jpg,1
levle1_130_chin.jpg,1
levle1_130_fh.jpg,1
levle1_130_rc.jpg,1
levle1_131_fh.jpg,1
levle1_131_lc.jpg,1
levle1_132_chin.jpg,1
levle1_132_fh.jpg,1
levle1_132_lc.jpg,1
levle1_133_chin.jpg,1
levle1_133_fh.jpg,1
levle1_133_lc.jpg,1
levle1_134_fh.jpg,1
levle1_134_lc.jpg,1
levle1_135_chin.jpg,1
levle1_135_fh.jpg,1
levle1_135_rc.jpg,1
levle1_136_chin.jpg,1
levle1_136_fh.jpg,1
levle1_136_rc.jpg,1
levle1_137_chin.jpg,1
levle1_137_fh.jpg,1
levle1_137_lc.jpg,1
levle1_138_chin.jpg,1
levle1_138_fh.jpg,1
levle1_138_lc.jpg,1
levle1_139_chin.jpg,1
levle1_139_fh.jpg,1
levle1_139_lc.jpg,1
levle1_13_fh.jpg,1
levle1_13_lc.jpg,1
levle1_140_chin.jpg,1
levle1_140_fh.jpg,1
levle1_140_rc.jpg,1
levle1_141_chin.jpg,1
levle1_141_fh.jpg,1
levle1_141_rc.jpg,1
levle1_142_chin.jpg,1
levle1_142_fh.jpg,1
levle1_142_lc.jpg,1
levle1_143_fh.jpg,1
levle1_143_rc.jpg,1
levle1_144_chin.jpg,1
levle1_144_fh.jpg,1
levle1_144_rc.jpg,1
levle1_145_chin.jpg,1
levle1_145_fh.jpg,1
levle1_145_lc.jpg,1
levle1_146_chin.jpg,1
levle1_146_fh.jpg,1
levle1_146_lc.jpg,1
levle1_147_fh.jpg,1
levle1_147_rc.jpg,1
levle1_149_chin.jpg,1
levle1_149_fh.jpg,1
levle1_149_lc.jpg,1
levle1_14_fh.jpg,1
levle1_14_lc.jpg,1
levle1_150_chin.jpg,1
levle1_150_fh.jpg,1
levle1_150_rc.jpg,1
levle1_151_chin.jpg,1
levle1_151_fh.jpg,1
levle1_151_lc.jpg,1
levle1_152_chin.jpg,1
levle1_152_fh.jpg,1
levle1_152_rc.jpg,1
levle1_153_fh.jpg,1
levle1_153_lc.jpg,1
levle1_154.jpg,1
levle1_155.jpg,1
levle1_156.jpg,1
levle1_157.jpg,1
levle1_158_chin.jpg,1
levle1_158_fh.jpg,1
levle1_158_rc.jpg,1
levle1_159_fh.jpg,1
levle1_159_lc.jpg,1
levle1_15_fh.jpg,1
levle1_15_rc.jpg,1
levle1_160_chin.jpg,1
levle1_160_fh.jpg,1
levle1_160_lc.jpg,1
levle1_161_chin.jpg,1
levle1_161_fh.jpg,1
levle1_161_lc.jpg,1
levle1_161_rc.jpg,1
levle1_162_chin.jpg,1
levle1_162_fh.jpg,1
levle1_162_rc.jpg,1
levle1_163_chin.jpg,1
levle1_163_fh.jpg,1
levle1_163_rc.jpg,1
levle1_164.jpg,1
levle1_165_chin.jpg,1
levle1_165_fh.jpg,1
levle1_165_rc.jpg,1
levle1_166.jpg,1
levle1_167_chin.jpg,1
levle1_167_fh.jpg,1
levle1_167_lc.jpg,1
levle1_168.jpg,1
levle1_169_chin.jpg,1
levle1_169_fh.jpg,1
levle1_169_rc.jpg,1
levle1_16_chin.jpg,1
levle1_16_fh.jpg,1
levle1_16_lc.jpg,1
levle1_170_fh.jpg,1
levle1_170_rc.jpg,1
levle1_171_chin.jpg,1
levle1_171_fh.jpg,1
levle1_171_lc.jpg,1
levle1_172_chin.jpg,1
levle1_172_fh.jpg,1
levle1_172_rc.jpg,1
levle1_173_chin.jpg,1
levle1_173_fh.jpg,1
levle1_173_rc.jpg,1
levle1_174_chin.jpg,1
levle1_174_fh.jpg,1
levle1_174_rc.jpg,1
levle1_175_chin.jpg,1
levle1_175_fh.jpg,1
levle1_175_lc.jpg,1
levle1_176_chin.jpg,1
levle1_176_fh.jpg,1
levle1_176_rc.jpg,1
levle1_177_chin.jpg,1
levle1_177_fh.jpg,1
levle1_177_lc.jpg,1
levle1_178_chin.jpg,1
levle1_178_fh.jpg,1
levle1_178_lc.jpg,1
levle1_178_rc.jpg,1
levle1_179_chin.jpg,1
levle1_179_fh.jpg,1
levle1_179_rc.jpg,1
levle1_17_fh.jpg,1
levle1_17_rc.jpg,1
levle1_180_chin.jpg,1
levle1_180_fh.jpg,1
levle1_180_lc.jpg,1
levle1_181_chin.jpg,1
levle1_181_fh.jpg,1
levle1_181_lc.jpg,1
levle1_182_chin.jpg,1
levle1_182_fh.jpg,1
levle1_182_rc.jpg,1
levle1_183_chin.jpg,1
levle1_183_fh.jpg,1
levle1_183_rc.jpg,1
levle1_184_fh.jpg,1
levle1_184_lc.jpg,1
levle1_185_fh.jpg,1
levle1_185_rc.jpg,1
levle1_186_chin.jpg,1
levle1_186_fh.jpg,1
levle1_186_lc.jpg,1
levle1_187_chin.jpg,1
levle1_187_fh.jpg,1
levle1_187_lc.jpg,1
levle1_188_chin.jpg,1
levle1_188_fh.jpg,1
levle1_188_rc.jpg,1
levle1_189_chin.jpg,1
levle1_189_fh.jpg,1
levle1_189_lc.jpg,1
levle1_18_fh.jpg,1
levle1_18_rc.jpg,1
levle1_19.jpg,1
levle1_190_chin.jpg,1
levle1_190_fh.jpg,1
levle1_190_rc.jpg,1
levle1_191_chin.jpg,1
levle1_191_fh.jpg,1
levle1_191_lc.jpg,1
levle1_192_chin.jpg,1
levle1_192_fh.jpg,1
levle1_192_lc.jpg,1
levle1_193_chin.jpg,1
levle1_193_fh.jpg,1
levle1_193_rc.jpg,1
levle1_194_chin.jpg,1
levle1_194_fh.jpg,1
levle1_194_rc.jpg,1
levle1_195_chin.jpg,1
levle1_195_fh.jpg,1
levle1_195_lc.jpg,1
levle1_196_chin.jpg,1
levle1_196_fh.jpg,1
levle1_196_lc.jpg,1
levle1_197_chin.jpg,1
levle1_197_fh.jpg,1
levle1_197_rc.jpg,1
levle1_198_chin.jpg,1
levle1_198_fh.jpg,1
levle1_198_lc.jpg,1
levle1_199_chin.jpg,1
levle1_199_fh.jpg,1
levle1_199_rc.jpg,1
levle1_1_fh.jpg,1
levle1_1_rc.jpg,1
levle1_200_chin.jpg,1
levle1_200_fh.jpg,1
levle1_200_lc.jpg,1
levle1_201_chin.jpg,1
levle1_201_fh.jpg,1
levle1_201_rc.jpg,1
levle1_202_chin.jpg,1
levle1_202_fh.jpg,1
levle1_202_lc.jpg,1
levle1_203_chin.jpg,1
levle1_203_fh.jpg,1
levle1_203_rc.jpg,1
levle1_204_chin.jpg,1
levle1_204_fh.jpg,1
levle1_204_lc.jpg,1
levle1_205_chin.jpg,1
levle1_205_fh.jpg,1
levle1_205_rc.jpg,1
levle1_206_chin.jpg,1
levle1_206_fh.jpg,1
levle1_206_lc.jpg,1
levle1_207_chin.jpg,1
levle1_207_fh.jpg,1
levle1_207_lc.jpg,1
levle1_208_chin.jpg,1
levle1_208_fh.jpg,1
levle1_208_lc.jpg,1
levle1_209_chin.jpg,1
levle1_209_fh.jpg,1
levle1_209_rc.jpg,1
levle1_20_chin.jpg,1
levle1_20_fh.jpg,1
levle1_20_lc.jpg,1
levle1_210_chin.jpg,1
levle1_210_fh.jpg,1
levle1_210_rc.jpg,1
levle1_211_chin.jpg,1
levle1_211_fh.jpg,1
levle1_211_rc.jpg,1
levle1_212_chin.jpg,1
levle1_212_fh.jpg,1
levle1_212_rc.jpg,1
levle1_213_chin.jpg,1
levle1_213_fh.jpg,1
levle1_213_lc.jpg,1
levle1_214_chin.jpg,1
levle1_214_fh.jpg,1
levle1_214_lc.jpg,1
levle1_215_chin.jpg,1
levle1_215_fh.jpg,1
levle1_215_lc.jpg,1
levle1_216_chin.jpg,1
levle1_216_fh.jpg,1
levle1_216_lc.jpg,1
levle1_217_chin.jpg,1
levle1_217_fh.jpg,1
levle1_217_rc.jpg,1
levle1_218_chin.jpg,1
levle1_218_fh.jpg,1
levle1_218_rc.jpg,1
levle1_219_chin.jpg,1
levle1_219_fh.jpg,1
levle1_219_lc.jpg,1
levle1_21_fh.jpg,1
levle1_21_rc.jpg,1
levle1_220_fh.jpg,1
levle1_220_rc.jpg,1
levle1_221_chin.jpg,1
levle1_221_fh.jpg,1
levle1_221_lc.jpg,1
levle1_222_chin.jpg,1
levle1_222_fh.jpg,1
levle1_222_rc.jpg,1
levle1_223_chin.jpg,1
levle1_223_fh.jpg,1
levle1_223_lc.jpg,1
levle1_224_chin.jpg,1
levle1_224_fh.jpg,1
levle1_224_rc.jpg,1
levle1_225_chin.jpg,1
levle1_225_fh.jpg,1
levle1_225_lc.jpg,1
levle1_226_chin.jpg,1
levle1_226_fh.jpg,1
levle1_226_lc.jpg,1
levle1_227_chin.jpg,1
levle1_227_fh.jpg,1
levle1_227_lc.jpg,1
levle1_228_chin.jpg,1
levle1_228_fh.jpg,1
levle1_228_rc.jpg,1
levle1_229_chin.jpg,1
levle1_229_fh.jpg,1
levle1_229_rc.jpg,1
levle1_22_chin.jpg,1
levle1_22_fh.jpg,1
levle1_22_rc.jpg,1
levle1_23.jpg,1
levle1_230_chin.jpg,1
levle1_230_fh.jpg,1
levle1_230_rc.jpg,1
levle1_231_chin.jpg,1
levle1_231_fh.jpg,1
levle1_231_rc.jpg,1
levle1_232_chin.jpg,1
levle1_232_fh.jpg,1
levle1_232_lc.jpg,1
levle1_233_chin.jpg,1
levle1_233_fh.jpg,1
levle1_233_lc.jpg,1
levle1_234_chin.jpg,1
levle1_234_fh.jpg,1
levle1_234_lc.jpg,1
levle1_235_fh.jpg,1
levle1_235_rc.jpg,1
levle1_236_fh.jpg,1
levle1_236_rc.jpg,1
levle1_237_fh.jpg,1
levle1_237_lc.jpg,1
levle1_238_fh.jpg,1
levle1_238_lc.jpg,1
levle1_239_chin.jpg,1
levle1_239_fh.jpg,1
levle1_239_rc.jpg,1
levle1_24.jpg,1
levle1_240_chin.jpg,1
levle1_240_fh.jpg,1
levle1_240_rc.jpg,1
levle1_241_chin.jpg,1
levle1_241_fh.jpg,1
levle1_241_rc.jpg,1
levle1_242_chin.jpg,1
levle1_242_fh.jpg,1
levle1_242_rc.jpg,1
levle1_243_fh.jpg,1
levle1_243_lc.jpg,1
levle1_244.jpg,1
levle1_245_fh.jpg,1
levle1_245_lc.jpg,1
levle1_246_chin.jpg,1
levle1_246_fh.jpg,1
levle1_246_lc.jpg,1
levle1_247_chin.jpg,1
levle1_247_fh.jpg,1
levle1_247_rc.jpg,1
levle1_248_chin.jpg,1
levle1_248_fh.jpg,1
levle1_248_lc.jpg,1
levle1_249_chin.jpg,1
levle1_249_fh.jpg,1
levle1_249_lc.jpg,1
levle1_250_chin.jpg,1
levle1_250_fh.jpg,1
levle1_250_rc.jpg,1
levle1_251_chin.jpg,1
levle1_251_fh.jpg,1
levle1_251_lc.jpg,1
levle1_252_chin.jpg,1
levle1_252_fh.jpg,1
levle1_252_rc.jpg,1
levle1_253_chin.jpg,1
levle1_253_fh.jpg,1
levle1_253_rc.jpg,1
levle1_254_chin.jpg,1
levle1_254_fh.jpg,1
levle1_254_lc.jpg,1
levle1_255.jpg,1
levle1_256.jpg,1
levle1_257_chin.jpg,1
levle1_257_fh.jpg,1
levle1_257_lc.jpg,1
levle1_258_chin.jpg,1
levle1_258_fh.jpg,1
levle1_258_rc.jpg,1
levle1_259_chin.jpg,1
levle1_259_fh.jpg,1
levle1_259_lc.jpg,1
levle1_25_lc.jpg,1
levle1_260_chin.jpg,1
levle1_260_fh.jpg,1
levle1_260_rc.jpg,1
levle1_261_chin.jpg,1
levle1_261_fh.jpg,1
levle1_261_lc.jpg,1
levle1_262_chin.jpg,1
levle1_262_fh.jpg,1
levle1_262_rc.jpg,1
levle1_263_chin.jpg,1
levle1_263_fh.jpg,1
levle1_263_lc.jpg,1
levle1_264_chin.jpg,1
levle1_264_fh.jpg,1
levle1_264_lc.jpg,1
levle1_265_chin.jpg,1
levle1_265_fh.jpg,1
levle1_265_lc.jpg,1
levle1_266_chin.jpg,1
levle1_266_fh.jpg,1
levle1_266_rc.jpg,1
levle1_267_chin.jpg,1
levle1_267_fh.jpg,1
levle1_267_rc.jpg,1
levle1_268_chin.jpg,1
levle1_268_fh.jpg,1
levle1_268_rc.jpg,1
levle1_269_chin.jpg,1
levle1_269_fh.jpg,1
levle1_269_lc.jpg,1
levle1_26_chin.jpg,1
levle1_26_fh.jpg,1
levle1_26_rc.jpg,1
levle1_27.jpg,1
levle1_270_chin.jpg,1
levle1_270_fh.jpg,1
levle1_270_rc.jpg,1
levle1_271_chin.jpg,1
levle1_271_fh.jpg,1
levle1_271_lc.jpg,1
levle1_272_chin.jpg,1
levle1_272_fh.jpg,1
levle1_272_rc.jpg,1
levle1_273_chin.jpg,1
levle1_273_fh.jpg,1
levle1_273_lc.jpg,1
levle1_274_chin.jpg,1
levle1_274_fh.jpg,1
levle1_274_lc.jpg,1
levle1_275_fh.jpg,1
levle1_275_lc.jpg,1
levle1_276_chin.jpg,1
levle1_276_fh.jpg,1
levle1_276_rc.jpg,1
levle1_277_chin.jpg,1
levle1_277_fh.jpg,1
levle1_277_rc.jpg,1
levle1_278_chin.jpg,1
levle1_278_fh.jpg,1
levle1_278_rc.jpg,1
levle1_279_chin.jpg,1
levle1_279_fh.jpg,1
levle1_279_lc.jpg,1
levle1_280_chin.jpg,1
levle1_280_fh.jpg,1
levle1_280_lc.jpg,1
levle1_281_chin.jpg,1
levle1_281_fh.jpg,1
levle1_281_lc.jpg,1
levle1_282_chin.jpg,1
levle1_282_fh.jpg,1
levle1_282_lc.jpg,1
levle1_283_chin.jpg,1
levle1_283_fh.jpg,1
levle1_283_lc.jpg,1
levle1_284_fh.jpg,1
levle1_284_lc.jpg,1
levle1_285.jpg,1
levle1_286_fh.jpg,1
levle1_286_lc.jpg,1
levle1_287_chin.jpg,1
levle1_287_fh.jpg,1
levle1_287_rc.jpg,1
levle1_288_chin.jpg,1
levle1_288_fh.jpg,1
levle1_288_lc.jpg,1
levle1_288_rc.jpg,1
levle1_289_chin.jpg,1
levle1_289_fh.jpg,1
levle1_289_rc.jpg,1
levle1_28_rc.jpg,1
levle1_290.jpg,1
levle1_291.jpg,1
levle1_292.jpg,1
levle1_293_chin.jpg,1
levle1_293_fh.jpg,1
levle1_293_lc.jpg,1
levle1_294_fh.jpg,1
levle1_294_lc.jpg,1
levle1_295_chin.jpg,1
levle1_295_fh.jpg,1
levle1_295_lc.jpg,1
levle1_296_fh.jpg,1
levle1_296_lc.jpg,1
levle1_297_chin.jpg,1
levle1_297_fh.jpg,1
levle1_297_rc.jpg,1
levle1_298_fh.jpg,1
levle1_298_rc.jpg,1
levle1_299_chin.jpg,1
levle1_299_fh.jpg,1
levle1_299_rc.jpg,1
levle1_29_rc.jpg,1
levle1_2_fh.jpg,1
levle1_2_lc.jpg,1
levle1_30.jpg,1
levle1_300_chin.jpg,1
levle1_300_fh.jpg,1
levle1_300_lc.jpg,1
levle1_300_rc.jpg,1
levle1_301_fh.jpg,1
levle1_301_lc.jpg,1
levle1_302_chin.jpg,1
levle1_302_fh.jpg,1
levle1_302_rc.jpg,1
levle1_303_chin.jpg,1
levle1_303_fh.jpg,1
levle1_303_rc.jpg,1
levle1_304_chin.jpg,1
levle1_304_fh.jpg,1
levle1_304_lc.jpg,1
levle1_305_fh.jpg,1
levle1_305_lc.jpg,1
levle1_306_fh.jpg,1
levle1_306_rc.jpg,1
levle1_307_chin.jpg,1
levle1_307_fh.jpg,1
levle1_307_rc.jpg,1
levle1_308_chin.jpg,1
levle1_308_fh.jpg,1
levle1_308_lc.jpg,1
levle1_309_chin.jpg,1
levle1_309_fh.jpg,1
levle1_309_lc.jpg,1
levle1_31.jpg,1
levle1_310_chin.jpg,1
levle1_310_fh.jpg,1
levle1_310_rc.jpg,1
levle1_311_chin.jpg,1
levle1_311_fh.jpg,1
levle1_311_lc.jpg,1
levle1_312_chin.jpg,1
levle1_312_fh.jpg,1
levle1_312_rc.jpg,1
levle1_313_chin.jpg,1
levle1_313_fh.jpg,1
levle1_313_lc.jpg,1
levle1_314_chin.jpg,1
levle1_314_fh.jpg,1
levle1_314_rc.jpg,1
levle1_315_chin.jpg,1
levle1_315_fh.jpg,1
levle1_315_rc.jpg,1
levle1_316_chin.jpg,1
levle1_316_fh.jpg,1
levle1_316_lc.jpg,1
levle1_317_chin.jpg,1
levle1_317_fh.jpg,1
levle1_317_lc.jpg,1
levle1_318_chin.jpg,1
levle1_318_fh.jpg,1
levle1_318_lc.jpg,1
levle1_319_chin.jpg,1
levle1_319_fh.jpg,1
levle1_319_lc.jpg,1
levle1_320_chin.jpg,1
levle1_320_fh.jpg,1
levle1_320_rc.jpg,1
levle1_321_fh.jpg,1
levle1_321_rc.jpg,1
levle1_322_chin.jpg,1
levle1_322_fh.jpg,1
levle1_322_lc.jpg,1
levle1_323_chin.jpg,1
levle1_323_fh.jpg,1
levle1_323_rc.jpg,1
levle1_324_chin.jpg,1
levle1_324_fh.jpg,1
levle1_324_rc.jpg,1
levle1_325_chin.jpg,1
levle1_325_fh.jpg,1
levle1_325_rc.jpg,1
levle1_326_chin.jpg,1
levle1_326_fh.jpg,1
levle1_326_lc.jpg,1
levle1_327_chin.jpg,1
levle1_327_fh.jpg,1
levle1_327_lc.jpg,1
levle1_328.jpg,1
levle1_329_fh.jpg,1
levle1_329_rc.jpg,1
levle1_32_chin.jpg,1
levle1_32_fh.jpg,1
levle1_32_lc.jpg,1
levle1_330_chin.jpg,1
levle1_330_fh.jpg,1
levle1_330_lc.jpg,1
levle1_331_chin.jpg,1
levle1_331_fh.jpg,1
levle1_331_lc.jpg,1
levle1_332_chin.jpg,1
levle1_332_fh.jpg,1
levle1_332_rc.jpg,1
levle1_333_chin.jpg,1
levle1_333_fh.jpg,1
levle1_333_rc.jpg,1
levle1_334_chin.jpg,1
levle1_334_fh.jpg,1
levle1_334_lc.jpg,1
levle1_335_chin.jpg,1
levle1_335_fh.jpg,1
levle1_335_rc.jpg,1
levle1_336_chin.jpg,1
levle1_336_fh.jpg,1
levle1_336_rc.jpg,1
levle1_337_chin.jpg,1
levle1_337_fh.jpg,1
levle1_337_lc.jpg,1
levle1_338_chin.jpg,1
levle1_338_fh.jpg,1
levle1_338_rc.jpg,1
levle1_339_chin.jpg,1
levle1_339_fh.jpg,1
levle1_339_lc.jpg,1
levle1_33_chin.jpg,1
levle1_33_fh.jpg,1
levle1_33_rc.jpg,1
levle1_340_chin.jpg,1
levle1_340_fh.jpg,1
levle1_340_lc.jpg,1
levle1_341_chin.jpg,1
levle1_341_fh.jpg,1
levle1_341_lc.jpg,1
levle1_342_chin.jpg,1
levle1_342_fh.jpg,1
levle1_342_lc.jpg,1
levle1_343_chin.jpg,1
levle1_343_fh.jpg,1
levle1_343_lc.jpg,1
levle1_344_chin.jpg,1
levle1_344_fh.jpg,1
levle1_344_lc.jpg,1
levle1_345_chin.jpg,1
levle1_345_fh.jpg,1
levle1_345_rc.jpg,1
levle1_346_chin.jpg,1
levle1_346_fh.jpg,1
levle1_346_rc.jpg,1
levle1_347_chin.jpg,1
levle1_347_fh.jpg,1
levle1_347_rc.jpg,1
levle1_348_chin.jpg,1
levle1_348_fh.jpg,1
levle1_348_rc.jpg,1
levle1_349_chin.jpg,1
levle1_349_fh.jpg,1
levle1_349_rc.jpg,1
levle1_34_chin.jpg,1
levle1_34_fh.jpg,1
levle1_34_rc.jpg,1
levle1_350_fh.jpg,1
levle1_350_rc.jpg,1
levle1_351_chin.jpg,1
levle1_351_fh.jpg,1
levle1_351_lc.jpg,1
levle1_352_chin.jpg,1
levle1_352_fh.jpg,1
levle1_352_lc.jpg,1
levle1_353_chin.jpg,1
levle1_353_fh.jpg,1
levle1_353_rc.jpg,1
levle1_354_chin.jpg,1
levle1_354_fh.jpg,1
levle1_354_rc.jpg,1
levle1_355_chin.jpg,1
levle1_355_fh.jpg,1
levle1_355_lc.jpg,1
levle1_356_chin.jpg,1
levle1_356_fh.jpg,1
levle1_356_lc.jpg,1
levle1_357_chin.jpg,1
levle1_357_fh.jpg,1
levle1_357_lc.jpg,1
levle1_358_chin.jpg,1
levle1_358_fh.jpg,1
levle1_358_rc.jpg,1
levle1_359_chin.jpg,1
levle1_359_fh.jpg,1
levle1_359_lc.jpg,1
levle1_35_chin.jpg,1
levle1_35_fh.jpg,1
levle1_35_lc.jpg,1
levle1_360_chin.jpg,1
levle1_360_fh.jpg,1
levle1_360_lc.jpg,1
levle1_361_chin.jpg,1
levle1_361_fh.jpg,1
levle1_361_lc.jpg,1
levle1_362_chin.jpg,1
levle1_362_fh.jpg,1
levle1_362_lc.jpg,1
levle1_363_chin.jpg,1
levle1_363_fh.jpg,1
levle1_363_lc.jpg,1
levle1_364_chin.jpg,1
levle1_364_fh.jpg,1
levle1_364_lc.jpg,1
levle1_365_chin.jpg,1
levle1_365_fh.jpg,1
levle1_365_rc.jpg,1
levle1_366_chin.jpg,1
levle1_366_fh.jpg,1
levle1_366_rc.jpg,1
levle1_367_fh.jpg,1
levle1_367_rc.jpg,1
levle1_368_chin.jpg,1
levle1_368_fh.jpg,1
levle1_368_lc.jpg,1
levle1_368_rc.jpg,1
levle1_369_chin.jpg,1
levle1_369_fh.jpg,1
levle1_369_lc.jpg,1
levle1_369_rc.jpg,1
levle1_36_chin.jpg,1
levle1_36_fh.jpg,1
levle1_36_lc.jpg,1
levle1_370_chin.jpg,1
levle1_370_fh.jpg,1
levle1_370_lc.jpg,1
levle1_371_chin.jpg,1
levle1_371_fh.jpg,1
levle1_371_rc.jpg,1
levle1_372_chin.jpg,1
levle1_372_fh.jpg,1
levle1_372_rc.jpg,1
levle1_373_chin.jpg,1
levle1_373_fh.jpg,1
levle1_373_lc.jpg,1
levle1_374_chin.jpg,1
levle1_374_fh.jpg,1
levle1_374_lc.jpg,1
levle1_375_chin.jpg,1
levle1_375_fh.jpg,1
levle1_375_rc.jpg,1
levle1_376_chin.jpg,1
levle1_376_fh.jpg,1
levle1_376_rc.jpg,1
levle1_377_chin.jpg,1
levle1_377_fh.jpg,1
levle1_377_rc.jpg,1
levle1_378_chin.jpg,1
levle1_378_fh.jpg,1
levle1_378_lc.jpg,1
levle1_379_chin.jpg,1
levle1_379_fh.jpg,1
levle1_379_rc.jpg,1
levle1_37_chin.jpg,1
levle1_37_fh.jpg,1
levle1_37_lc.jpg,1
levle1_380_chin.jpg,1
levle1_380_fh.jpg,1
levle1_380_rc.jpg,1
levle1_381_chin.jpg,1
levle1_381_fh.jpg,1
levle1_381_lc.jpg,1
levle1_382_chin.jpg,1
levle1_382_fh.jpg,1
levle1_382_rc.jpg,1
levle1_383_chin.jpg,1
levle1_383_fh.jpg,1
levle1_383_lc.jpg,1
levle1_384_fh.jpg,1
levle1_384_lc.jpg,1
levle1_385_chin.jpg,1
levle1_385_fh.jpg,1
levle1_385_rc.jpg,1
levle1_386_chin.jpg,1
levle1_386_fh.jpg,1
levle1_386_rc.jpg,1
levle1_387_fh.jpg,1
levle1_387_rc.jpg,1
levle1_388_fh.jpg,1
levle1_388_rc.jpg,1
levle1_389_chin.jpg,1
levle1_389_fh.jpg,1
levle1_389_rc.jpg,1
levle1_38_chin.jpg,1
levle1_38_fh.jpg,1
levle1_38_lc.jpg,1
levle1_390_chin.jpg,1
levle1_390_fh.jpg,1
levle1_390_rc.jpg,1
levle1_391_chin.jpg,1
levle1_391_fh.jpg,1
levle1_391_lc.jpg,1
levle1_392_chin.jpg,1
levle1_392_fh.jpg,1
levle1_392_lc.jpg,1
levle1_393_chin.jpg,1
levle1_393_fh.jpg,1
levle1_393_rc.jpg,1
levle1_394_fh.jpg,1
levle1_394_rc.jpg,1
levle1_395_chin.jpg,1
levle1_395_fh.jpg,1
levle1_395_rc.jpg,1
levle1_396_chin.jpg,1
levle1_396_fh.jpg,1
levle1_396_lc.jpg,1
levle1_397_chin.jpg,1
levle1_397_fh.jpg,1
levle1_397_lc.jpg,1
levle1_398_chin.jpg,1
levle1_398_fh.jpg,1
levle1_398_rc.jpg,1
levle1_399_chin.jpg,1
levle1_399_fh.jpg,1
levle1_399_rc.jpg,1
levle1_39_chin.jpg,1
levle1_39_fh.jpg,1
levle1_39_lc.jpg,1
levle1_3_fh.jpg,1
levle1_3_lc.jpg,1
levle1_40.jpg,1
levle1_400_fh.jpg,1
levle1_400_rc.jpg,1
levle1_401_fh.jpg,1
levle1_401_rc.jpg,1
levle1_402_chin.jpg,1
levle1_402_fh.jpg,1
levle1_402_lc.jpg,1
levle1_403_chin.jpg,1
levle1_403_fh.jpg,1
levle1_403_rc.jpg,1
levle1_404.jpg,1
levle1_405_chin.jpg,1
levle1_405_fh.jpg,1
levle1_405_lc.jpg,1
levle1_406_chin.jpg,1
levle1_406_fh.jpg,1
levle1_406_rc.jpg,1
levle1_407_chin.jpg,1
levle1_407_fh.jpg,1
levle1_407_lc.jpg,1
levle1_408_chin.jpg,1
levle1_408_fh.jpg,1
levle1_408_rc.jpg,1
levle1_409_chin.jpg,1
levle1_409_fh.jpg,1
levle1_409_rc.jpg,1
levle1_410_chin.jpg,1
levle1_410_fh.jpg,1
levle1_410_rc.jpg,1
levle1_411_chin.jpg,1
levle1_411_fh.jpg,1
levle1_411_lc.jpg,1
levle1_412_chin.jpg,1
levle1_412_fh.jpg,1
levle1_412_lc.jpg,1
levle1_413_chin.jpg,1
levle1_413_fh.jpg,1
levle1_413_rc.jpg,1
levle1_414_chin.jpg,1
levle1_414_fh.jpg,1
levle1_414_rc.jpg,1
levle1_415_chin.jpg,1
levle1_415_fh.jpg,1
levle1_415_lc.jpg,1
levle1_416_chin.jpg,1
levle1_416_fh.jpg,1
levle1_416_lc.jpg,1
levle1_417_fh.jpg,1
levle1_417_rc.jpg,1
levle1_418_chin.jpg,1
levle1_418_fh.jpg,1
levle1_418_rc.jpg,1
levle1_419_chin.jpg,1
levle1_419_fh.jpg,1
levle1_419_lc.jpg,1
levle1_41_fh.jpg,1
levle1_41_lc.jpg,1
levle1_420_chin.jpg,1
levle1_420_fh.jpg,1
levle1_420_rc.jpg,1
levle1_421_chin.jpg,1
levle1_421_fh.jpg,1
levle1_421_lc.jpg,1
levle1_422_chin.jpg,1
levle1_422_fh.jpg,1
levle1_422_rc.jpg,1
levle1_423_chin.jpg,1
levle1_423_fh.jpg,1
levle1_423_lc.jpg,1
levle1_424_fh.jpg,1
levle1_424_rc.jpg,1
levle1_425_chin.jpg,1
levle1_425_fh.jpg,1
levle1_425_rc.jpg,1
levle1_426_chin.jpg,1
levle1_426_fh.jpg,1
levle1_426_lc.jpg,1
levle1_427_chin.jpg,1
levle1_427_fh.jpg,1
levle1_427_lc.jpg,1
levle1_428_chin.jpg,1
levle1_428_fh.jpg,1
levle1_428_rc.jpg,1
levle1_429_chin.jpg,1
levle1_429_fh.jpg,1
levle1_429_rc.jpg,1
levle1_42_fh.jpg,1
levle1_42_lc.jpg,1
levle1_430_chin.jpg,1
levle1_430_fh.jpg,1
levle1_430_lc.jpg,1
levle1_431_chin.jpg,1
levle1_431_fh.jpg,1
levle1_431_lc.jpg,1
levle1_432_chin.jpg,1
levle1_432_fh.jpg,1
levle1_432_lc.jpg,1
levle1_433_chin.jpg,1
levle1_433_fh.jpg,1
levle1_433_lc.jpg,1
levle1_434_fh.jpg,1
levle1_434_rc.jpg,1
levle1_435_fh.jpg,1
levle1_435_rc.jpg,1
levle1_436_fh.jpg,1
levle1_436_rc.jpg,1
levle1_437_fh.jpg,1
levle1_437_rc.jpg,1
levle1_439_chin.jpg,1
levle1_439_fh.jpg,1
levle1_439_lc.jpg,1
levle1_43_chin.jpg,1
levle1_43_fh.jpg,1
levle1_43_lc.jpg,1
levle1_440_chin.jpg,1
levle1_440_fh.jpg,1
levle1_440_lc.jpg,1
levle1_441_chin.jpg,1
levle1_441_fh.jpg,1
levle1_441_lc.jpg,1
levle1_442_chin.jpg,1
levle1_442_fh.jpg,1
levle1_442_rc.jpg,1
levle1_443_chin.jpg,1
levle1_443_fh.jpg,1
levle1_443_rc.jpg,1
levle1_444_chin.jpg,1
levle1_444_fh.jpg,1
levle1_444_lc.jpg,1
levle1_445_chin.jpg,1
levle1_445_fh.jpg,1
levle1_445_lc.jpg,1
levle1_446_chin.jpg,1
levle1_446_fh.jpg,1
levle1_446_lc.jpg,1
levle1_447_chin.jpg,1
levle1_447_fh.jpg,1
levle1_447_lc.jpg,1
levle1_448_chin.jpg,1
levle1_448_fh.jpg,1
levle1_448_rc.jpg,1
levle1_449_chin.jpg,1
levle1_449_fh.jpg,1
levle1_449_rc.jpg,1
levle1_44_fh.jpg,1
levle1_44_lc.jpg,1
levle1_450_chin.jpg,1
levle1_450_fh.jpg,1
levle1_450_rc.jpg,1
levle1_451.jpg,1
levle1_452_chin.jpg,1
levle1_452_fh.jpg,1
levle1_452_rc.jpg,1
levle1_453.jpg,1
levle1_454_chin.jpg,1
levle1_454_fh.jpg,1
levle1_454_lc.jpg,1
levle1_455_chin.jpg,1
levle1_455_fh.jpg,1
levle1_455_rc.jpg,1
levle1_456_chin.jpg,1
levle1_456_fh.jpg,1
levle1_456_lc.jpg,1
levle1_457_chin.jpg,1
levle1_457_fh.jpg,1
levle1_457_lc.jpg,1
levle1_458_chin.jpg,1
levle1_458_fh.jpg,1
levle1_458_lc.jpg,1
levle1_459_chin.jpg,1
levle1_459_fh.jpg,1
levle1_459_lc.jpg,1
levle1_45_chin.jpg,1
levle1_45_fh.jpg,1
levle1_45_rc.jpg,1
levle1_460_chin.jpg,1
levle1_460_fh.jpg,1
levle1_460_lc.jpg,1
levle1_461_chin.jpg,1
levle1_461_fh.jpg,1
levle1_461_rc.jpg,1
levle1_462_chin.jpg,1
levle1_462_fh.jpg,1
levle1_462_lc.jpg,1
levle1_463_chin.jpg,1
levle1_463_fh.jpg,1
levle1_463_lc.jpg,1
levle1_464_chin.jpg,1
levle1_464_fh.jpg,1
levle1_464_lc.jpg,1
levle1_465_chin.jpg,1
levle1_465_fh.jpg,1
levle1_465_lc.jpg,1
levle1_466_chin.jpg,1
levle1_466_fh.jpg,1
levle1_466_lc.jpg,1
levle1_467_chin.jpg,1
levle1_467_fh.jpg,1
levle1_467_rc.jpg,1
levle1_468_fh.jpg,1
levle1_468_rc.jpg,1
levle1_469_chin.jpg,1
levle1_469_fh.jpg,1
levle1_469_rc.jpg,1
levle1_46_chin.jpg,1
levle1_46_fh.jpg,1
levle1_46_rc.jpg,1
levle1_470_chin.jpg,1
levle1_470_fh.jpg,1
levle1_470_rc.jpg,1
levle1_471_chin.jpg,1
levle1_471_fh.jpg,1
levle1_471_lc.jpg,1
levle1_472_chin.jpg,1
levle1_472_fh.jpg,1
levle1_472_rc.jpg,1
levle1_474_chin.jpg,1
levle1_474_fh.jpg,1
levle1_474_rc.jpg,1
levle1_475_chin.jpg,1
levle1_475_fh.jpg,1
levle1_475_rc.jpg,1
levle1_476_chin.jpg,1
levle1_476_fh.jpg,1
levle1_476_rc.jpg,1
levle1_477_chin.jpg,1
levle1_477_fh.jpg,1
levle1_477_lc.jpg,1
levle1_478_chin.jpg,1
levle1_478_fh.jpg,1
levle1_478_lc.jpg,1
levle1_479_chin.jpg,1
levle1_479_fh.jpg,1
levle1_479_lc.jpg,1
levle1_47_chin.jpg,1
levle1_47_fh.jpg,1
levle1_47_rc.jpg,1
levle1_480_chin.jpg,1
levle1_480_fh.jpg,1
levle1_480_lc.jpg,1
levle1_481_fh.jpg,1
levle1_481_rc.jpg,1
levle1_482_chin.jpg,1
levle1_482_fh.jpg,1
levle1_482_lc.jpg,1
levle1_483_chin.jpg,1
levle1_483_fh.jpg,1
levle1_483_lc.jpg,1
levle1_484_chin.jpg,1
levle1_484_fh.jpg,1
levle1_484_rc.jpg,1
levle1_485_chin.jpg,1
levle1_485_fh.jpg,1
levle1_485_lc.jpg,1
levle1_486_chin.jpg,1
levle1_486_fh.jpg,1
levle1_486_rc.jpg,1
levle1_487_chin.jpg,1
levle1_487_fh.jpg,1
levle1_487_lc.jpg,1
levle1_488_chin.jpg,1
levle1_488_fh.jpg,1
levle1_488_rc.jpg,1
levle1_489_chin.jpg,1
levle1_489_fh.jpg,1
levle1_489_rc.jpg,1
levle1_48_chin.jpg,1
levle1_48_fh.jpg,1
levle1_48_rc.jpg,1
levle1_49.jpg,1
levle1_490_chin.jpg,1
levle1_490_fh.jpg,1
levle1_490_lc.jpg,1
levle1_491_chin.jpg,1
levle1_491_fh.jpg,1
levle1_491_lc.jpg,1
levle1_492_chin.jpg,1
levle1_492_fh.jpg,1
levle1_492_lc.jpg,1
levle1_493_chin.jpg,1
levle1_493_fh.jpg,1
levle1_493_rc.jpg,1
levle1_494_chin.jpg,1
levle1_494_fh.jpg,1
levle1_494_rc.jpg,1
levle1_495_chin.jpg,1
levle1_495_fh.jpg,1
levle1_495_rc.jpg,1
levle1_496_chin.jpg,1
levle1_496_fh.jpg,1
levle1_496_rc.jpg,1
levle1_497_chin.jpg,1
levle1_497_fh.jpg,1
levle1_497_rc.jpg,1
levle1_498_chin.jpg,1
levle1_498_fh.jpg,1
levle1_498_rc.jpg,1
levle1_499_chin.jpg,1
levle1_499_fh.jpg,1
levle1_499_lc.jpg,1
levle1_4_fh.jpg,1
levle1_4_rc.jpg,1
levle1_500_chin.jpg,1
levle1_500_fh.jpg,1
levle1_500_lc.jpg,1
levle1_501_chin.jpg,1
levle1_501_fh.jpg,1
levle1_501_rc.jpg,1
levle1_502_chin.jpg,1
levle1_502_fh.jpg,1
levle1_502_rc.jpg,1
levle1_503_chin.jpg,1
levle1_503_fh.jpg,1
levle1_503_lc.jpg,1
levle1_504_chin.jpg,1
levle1_504_fh.jpg,1
levle1_504_rc.jpg,1
levle1_505_chin.jpg,1
levle1_505_fh.jpg,1
levle1_505_lc.jpg,1
levle1_506_chin.jpg,1
levle1_506_fh.jpg,1
levle1_506_rc.jpg,1
levle1_507_chin.jpg,1
levle1_507_fh.jpg,1
levle1_507_lc.jpg,1
levle1_508_chin.jpg,1
levle1_508_fh.jpg,1
levle1_508_lc.jpg,1
levle1_509_chin.jpg,1
levle1_509_fh.jpg,1
levle1_509_rc.jpg,1
levle1_50_fh.jpg,1
levle1_50_rc.jpg,1
levle1_510_chin.jpg,1
levle1_510_fh.jpg,1
levle1_510_rc.jpg,1
levle1_511_chin.jpg,1
levle1_511_fh.jpg,1
levle1_511_lc.jpg,1
levle1_512_chin.jpg,1
levle1_512_fh.jpg,1
levle1_512_rc.jpg,1
levle1_513_chin.jpg,1
levle1_513_fh.jpg,1
levle1_513_lc.jpg,1
levle1_514_chin.jpg,1
levle1_514_fh.jpg,1
levle1_514_rc.jpg,1
levle1_515_chin.jpg,1
levle1_515_fh.jpg,1
levle1_515_rc.jpg,1
levle1_516_chin.jpg,1
levle1_516_fh.jpg,1
levle1_516_lc.jpg,1
levle1_517_chin.jpg,1
levle1_517_fh.jpg,1
levle1_517_rc.jpg,1
levle1_518_chin.jpg,1
levle1_518_fh.jpg,1
levle1_518_rc.jpg,1
levle1_519_chin.jpg,1
levle1_519_fh.jpg,1
levle1_519_lc.jpg,1
levle1_51_chin.jpg,1
levle1_51_fh.jpg,1
levle1_51_rc.jpg,1
levle1_520_fh.jpg,1
levle1_520_rc.jpg,1
levle1_521_chin.jpg,1
levle1_521_fh.jpg,1
levle1_521_lc.jpg,1
levle1_522_chin.jpg,1
levle1_522_fh.jpg,1
levle1_522_rc.jpg,1
levle1_523_chin.jpg,1
levle1_523_fh.jpg,1
levle1_523_lc.jpg,1
levle1_524_chin.jpg,1
levle1_524_fh.jpg,1
levle1_524_lc.jpg,1
levle1_525_chin.jpg,1
levle1_525_fh.jpg,1
levle1_525_rc.jpg,1
levle1_526_chin.jpg,1
levle1_526_fh.jpg,1
levle1_526_rc.jpg,1
levle1_527.jpg,1
levle1_528_chin.jpg,1
levle1_528_fh.jpg,1
levle1_528_rc.jpg,1
levle1_529_chin.jpg,1
levle1_529_fh.jpg,1
levle1_529_rc.jpg,1
levle1_52_chin.jpg,1
levle1_52_fh.jpg,1
levle1_52_rc.jpg,1
levle1_530_chin.jpg,1
levle1_530_fh.jpg,1
levle1_530_rc.jpg,1
levle1_531_chin.jpg,1
levle1_531_fh.jpg,1
levle1_531_lc.jpg,1
levle1_532_chin.jpg,1
levle1_532_fh.jpg,1
levle1_532_lc.jpg,1
levle1_533_chin.jpg,1
levle1_533_fh.jpg,1
levle1_533_lc.jpg,1
levle1_534_chin.jpg,1
levle1_534_fh.jpg,1
levle1_534_rc.jpg,1
levle1_535_fh.jpg,1
levle1_535_rc.jpg,1
levle1_536_chin.jpg,1
levle1_536_fh.jpg,1
levle1_536_lc.jpg,1
levle1_537_chin.jpg,1
levle1_537_fh.jpg,1
levle1_537_lc.jpg,1
levle1_538_chin.jpg,1
levle1_538_fh.jpg,1
levle1_538_lc.jpg,1
levle1_539_chin.jpg,1
levle1_539_fh.jpg,1
levle1_539_lc.jpg,1
levle1_53_chin.jpg,1
levle1_53_fh.jpg,1
levle1_53_rc.jpg,1
levle1_540_chin.jpg,1
levle1_540_fh.jpg,1
levle1_540_rc.jpg,1
levle1_541_chin.jpg,1
levle1_541_fh.jpg,1
levle1_541_rc.jpg,1
levle1_542_chin.jpg,1
levle1_542_fh.jpg,1
levle1_542_rc.jpg,1
levle1_543_chin.jpg,1
levle1_543_fh.jpg,1
levle1_543_rc.jpg,1
levle1_544_chin.jpg,1
levle1_544_fh.jpg,1
levle1_544_lc.jpg,1
levle1_545_chin.jpg,1
levle1_545_fh.jpg,1
levle1_545_lc.jpg,1
levle1_546_chin.jpg,1
levle1_546_fh.jpg,1
levle1_546_lc.jpg,1
levle1_547_chin.jpg,1
levle1_547_fh.jpg,1
levle1_547_rc.jpg,1
levle1_548_chin.jpg,1
levle1_548_fh.jpg,1
levle1_548_rc.jpg,1
levle1_549_chin.jpg,1
levle1_549_fh.jpg,1
levle1_549_rc.jpg,1
levle1_54_chin.jpg,1
levle1_54_fh.jpg,1
levle1_54_rc.jpg,1
levle1_550_chin.jpg,1
levle1_550_fh.jpg,1
levle1_550_lc.jpg,1
levle1_551_chin.jpg,1
levle1_551_fh.jpg,1
levle1_551_lc.jpg,1
levle1_552.jpg,1
levle1_553_chin.jpg,1
levle1_553_fh.jpg,1
levle1_553_rc.jpg,1
levle1_554_chin.jpg,1
levle1_554_fh.jpg,1
levle1_554_lc.jpg,1
levle1_555_chin.jpg,1
levle1_555_fh.jpg,1
levle1_555_rc.jpg,1
levle1_556_chin.jpg,1
levle1_556_fh.jpg,1
levle1_556_lc.jpg,1
levle1_557_chin.jpg,1
levle1_557_fh.jpg,1
levle1_557_rc.jpg,1
levle1_558_fh.jpg,1
levle1_558_rc.jpg,1
levle1_559_chin.jpg,1
levle1_559_fh.jpg,1
levle1_559_rc.jpg,1
levle1_55_chin.jpg,1
levle1_55_fh.jpg,1
levle1_55_rc.jpg,1
levle1_560_chin.jpg,1
levle1_560_fh.jpg,1
levle1_560_rc.jpg,1
levle1_561_chin.jpg,1
levle1_561_fh.jpg,1
levle1_561_rc.jpg,1
levle1_562_chin.jpg,1
levle1_562_fh.jpg,1
levle1_562_lc.jpg,1
levle1_563_chin.jpg,1
levle1_563_fh.jpg,1
levle1_563_lc.jpg,1
levle1_564_chin.jpg,1
levle1_564_fh.jpg,1
levle1_564_rc.jpg,1
levle1_565_chin.jpg,1
levle1_565_fh.jpg,1
levle1_565_lc.jpg,1
levle1_566_chin.jpg,1
levle1_566_fh.jpg,1
levle1_566_lc.jpg,1
levle1_567_fh.jpg,1
levle1_567_rc.jpg,1
levle1_568_chin.jpg,1
levle1_568_fh.jpg,1
levle1_568_lc.jpg,1
levle1_569.jpg,1
levle1_56_chin.jpg,1
levle1_56_fh.jpg,1
levle1_56_lc.jpg,1
levle1_570_fh.jpg,1
levle1_570_lc.jpg,1
levle1_571_chin.jpg,1
levle1_571_fh.jpg,1
levle1_571_rc.jpg,1
levle1_572_fh.jpg,1
levle1_572_rc.jpg,1
levle1_573_fh.jpg,1
levle1_573_lc.jpg,1
levle1_574_fh.jpg,1
levle1_574_rc.jpg,1
levle1_575_fh.jpg,1
levle1_575_lc.jpg,1
levle1_576_chin.jpg,1
levle1_576_fh.jpg,1
levle1_576_lc.jpg,1
levle1_577_chin.jpg,1
levle1_577_fh.jpg,1
levle1_577_lc.jpg,1
levle1_578_chin.jpg,1
levle1_578_fh.jpg,1
levle1_578_lc.jpg,1
levle1_579_fh.jpg,1
levle1_579_rc.jpg,1
levle1_57_chin.jpg,1
levle1_57_fh.jpg,1
levle1_57_rc.jpg,1
levle1_580_chin.jpg,1
levle1_580_fh.jpg,1
levle1_580_rc.jpg,1
levle1_581_fh.jpg,1
levle1_581_lc.jpg,1
levle1_582_chin.jpg,1
levle1_582_fh.jpg,1
levle1_582_lc.jpg,1
levle1_583_chin.jpg,1
levle1_583_fh.jpg,1
levle1_583_lc.jpg,1
levle1_584_chin.jpg,1
levle1_584_fh.jpg,1
levle1_584_lc.jpg,1
levle1_585_chin.jpg,1
levle1_585_fh.jpg,1
levle1_585_lc.jpg,1
levle1_586_chin.jpg,1
levle1_586_fh.jpg,1
levle1_586_rc.jpg,1
levle1_587_chin.jpg,1
levle1_587_fh.jpg,1
levle1_587_rc.jpg,1
levle1_588_chin.jpg,1
levle1_588_fh.jpg,1
levle1_588_rc.jpg,1
levle1_589_chin.jpg,1
levle1_589_fh.jpg,1
levle1_589_rc.jpg,1
levle1_58_chin.jpg,1
levle1_58_fh.jpg,1
levle1_58_lc.jpg,1
levle1_590_rc.jpg,1
levle1_591_chin.jpg,1
levle1_591_fh.jpg,1
levle1_591_lc.jpg,1
levle1_592_chin.jpg,1
levle1_592_fh.jpg,1
levle1_592_rc.jpg,1
levle1_593_chin.jpg,1
levle1_593_fh.jpg,1
levle1_593_lc.jpg,1
levle1_594_chin.jpg,1
levle1_594_fh.jpg,1
levle1_594_rc.jpg,1
levle1_595_chin.jpg,1
levle1_595_fh.jpg,1
levle1_595_lc.jpg,1
levle1_596_chin.jpg,1
levle1_596_fh.jpg,1
levle1_596_lc.jpg,1
levle1_597_chin.jpg,1
levle1_597_fh.jpg,1
levle1_597_lc.jpg,1
levle1_598_chin.jpg,1
levle1_598_fh.jpg,1
levle1_598_rc.jpg,1
levle1_599_chin.jpg,1
levle1_599_fh.jpg,1
levle1_599_lc.jpg,1
levle1_59_chin.jpg,1
levle1_59_fh.jpg,1
levle1_59_rc.jpg,1
levle1_5_fh.jpg,1
levle1_5_rc.jpg,1
levle1_6.jpg,1
levle1_600_chin.jpg,1
levle1_600_fh.jpg,1
levle1_600_rc.jpg,1
levle1_601_chin.jpg,1
levle1_601_fh.jpg,1
levle1_601_rc.jpg,1
levle1_603_chin.jpg,1
levle1_603_fh.jpg,1
levle1_603_lc.jpg,1
levle1_604_chin.jpg,1
levle1_604_fh.jpg,1
levle1_604_lc.jpg,1
levle1_605_chin.jpg,1
levle1_605_fh.jpg,1
levle1_605_rc.jpg,1
levle1_606_chin.jpg,1
levle1_606_fh.jpg,1
levle1_606_rc.jpg,1
levle1_607_chin.jpg,1
levle1_607_fh.jpg,1
levle1_607_lc.jpg,1
levle1_608_chin.jpg,1
levle1_608_fh.jpg,1
levle1_608_lc.jpg,1
levle1_609_chin.jpg,1
levle1_609_fh.jpg,1
levle1_609_rc.jpg,1
levle1_60_fh.jpg,1
levle1_60_rc.jpg,1
levle1_61.jpg,1
levle1_610.jpg,1
levle1_611.jpg,1
levle1_612_chin.jpg,1
levle1_612_fh.jpg,1
levle1_612_lc.jpg,1
levle1_613_chin.jpg,1
levle1_613_fh.jpg,1
levle1_613_lc.jpg,1
levle1_614_chin.jpg,1
levle1_614_fh.jpg,1
levle1_614_lc.jpg,1
levle1_615_chin.jpg,1
levle1_615_fh.jpg,1
levle1_615_rc.jpg,1
levle1_616_chin.jpg,1
levle1_616_fh.jpg,1
levle1_616_rc.jpg,1
levle1_617_chin.jpg,1
levle1_617_fh.jpg,1
levle1_617_lc.jpg,1
levle1_618_chin.jpg,1
levle1_618_fh.jpg,1
levle1_618_lc.jpg,1
levle1_619_chin.jpg,1
levle1_619_fh.jpg,1
levle1_619_rc.jpg,1
levle1_620_chin.jpg,1
levle1_620_fh.jpg,1
levle1_620_rc.jpg,1
levle1_621_chin.jpg,1
levle1_621_fh.jpg,1
levle1_621_rc.jpg,1
levle1_622_chin.jpg,1
levle1_622_fh.jpg,1
levle1_622_lc.jpg,1
levle1_623_chin.jpg,1
levle1_623_fh.jpg,1
levle1_623_lc.jpg,1
levle1_624_chin.jpg,1
levle1_624_fh.jpg,1
levle1_624_rc.jpg,1
levle1_625_chin.jpg,1
levle1_625_fh.jpg,1
levle1_625_lc.jpg,1
levle1_626_fh.jpg,1
levle1_626_rc.jpg,1
levle1_627_chin.jpg,1
levle1_627_fh.jpg,1
levle1_627_rc.jpg,1
levle1_628_chin.jpg,1
levle1_628_fh.jpg,1
levle1_628_rc.jpg,1
levle1_629_chin.jpg,1
levle1_629_fh.jpg,1
levle1_629_rc.jpg,1
levle1_62_chin.jpg,1
levle1_62_fh.jpg,1
levle1_62_lc.jpg,1
levle1_630_chin.jpg,1
levle1_630_fh.jpg,1
levle1_630_lc.jpg,1
levle1_631_chin.jpg,1
levle1_631_fh.jpg,1
levle1_631_lc.jpg,1
levle1_632_chin.jpg,1
levle1_632_fh.jpg,1
levle1_632_lc.jpg,1
levle1_633_chin.jpg,1
levle1_633_fh.jpg,1
levle1_633_lc.jpg,1
levle1_634_chin.jpg,1
levle1_634_fh.jpg,1
levle1_634_rc.jpg,1
levle1_635_fh.jpg,1
levle1_635_lc.jpg,1
levle1_636_chin.jpg,1
levle1_636_fh.jpg,1
levle1_636_rc.jpg,1
levle1_637_fh.jpg,1
levle1_637_lc.jpg,1
levle1_638_fh.jpg,1
levle1_638_rc.jpg,1
levle1_639.jpg,1
levle1_63_chin.jpg,1
levle1_63_fh.jpg,1
levle1_63_lc.jpg,1
levle1_640.jpg,1
levle1_641_chin.jpg,1
levle1_641_fh.jpg,1
levle1_641_lc.jpg,1
levle1_642.jpg,1
levle1_64_chin.jpg,1
levle1_64_fh.jpg,1
levle1_64_lc.jpg,1
levle1_65_chin.jpg,1
levle1_65_fh.jpg,1
levle1_65_rc.jpg,1
levle1_66_chin.jpg,1
levle1_66_fh.jpg,1
levle1_66_rc.jpg,1
levle1_67_chin.jpg,1
levle1_67_fh.jpg,1
levle1_67_rc.jpg,1
levle1_68_chin.jpg,1
levle1_68_fh.jpg,1
levle1_68_lc.jpg,1
levle1_69_chin.jpg,1
levle1_69_fh.jpg,1
levle1_69_rc.jpg,1
levle1_70_chin.jpg,1
levle1_70_fh.jpg,1
levle1_70_lc.jpg,1
levle1_70_rc.jpg,1
levle1_71.jpg,1
levle1_72.jpg,1
levle1_74.jpg,1
levle1_75_rc.jpg,1
levle1_76_chin.jpg,1
levle1_76_fh.jpg,1
levle1_76_lc.jpg,1
levle1_77_lc.jpg,1
levle1_78_rc.jpg,1
levle1_79_chin.jpg,1
levle1_79_fh.jpg,1
levle1_79_lc.jpg,1
levle1_7_lc.jpg,1
levle1_80_chin.jpg,1
levle1_80_fh.jpg,1
levle1_80_rc.jpg,1
levle1_81_fh.jpg,1
levle1_81_lc.jpg,1
levle1_82.jpg,1
levle1_83_chin.jpg,1
levle1_83_fh.jpg,1
levle1_83_lc.jpg,1
levle1_84.jpg,1
levle1_85_chin.jpg,1
levle1_85_fh.jpg,1
levle1_85_lc.jpg,1
levle1_87_chin.jpg,1
levle1_87_fh.jpg,1
levle1_87_lc.jpg,1
levle1_88.jpg,1
levle1_89.jpg,1
levle1_8_fh.jpg,1
levle1_8_rc.jpg,1
levle1_90.jpg,1
levle1_91_chin.jpg,1
levle1_91_fh.jpg,1
levle1_91_rc.jpg,1
levle1_92_chin.jpg,1
levle1_92_fh.jpg,1
levle1_92_rc.jpg,1
levle1_93_rc.jpg,1
levle1_94_chin.jpg,1
levle1_94_fh.jpg,1
levle1_94_rc.jpg,1
levle1_95_chin.jpg,1
levle1_95_fh.jpg,1
levle1_95_rc.jpg,1
levle1_96_chin.jpg,1
levle1_96_fh.jpg,1
levle1_96_rc.jpg,1
levle1_97_chin.jpg,1
levle1_97_fh.jpg,1
levle1_97_rc.jpg,1
levle1_98_chin.jpg,1
levle1_98_fh.jpg,1
levle1_98_rc.jpg,1
levle1_99.jpg,1
levle1_9_fh.jpg,1
levle1_9_lc.jpg,1
levle2_0_fh.jpg,2
levle2_0_rc.jpg,2
levle2_10.jpg,2
levle2_100_chin.jpg,2
levle2_100_fh.jpg,2
levle2_100_rc.jpg,2
levle2_101_chin.jpg,2
levle2_101_fh.jpg,2
levle2_101_rc.jpg,2
levle2_102_chin.jpg,2
levle2_102_fh.jpg,2
levle2_102_lc.jpg,2
levle2_105_chin.jpg,2
levle2_105_fh.jpg,2
levle2_105_lc.jpg,2
levle2_106_chin.jpg,2
levle2_106_fh.jpg,2
levle2_106_rc.jpg,2
levle2_107_fh.jpg,2
levle2_107_lc.jpg,2
levle2_108_fh.jpg,2
levle2_108_lc.jpg,2
levle2_109_chin.jpg,2
levle2_109_fh.jpg,2
levle2_109_lc.jpg,2
levle2_110_chin.jpg,2
levle2_110_fh.jpg,2
levle2_110_lc.jpg,2
levle2_111_fh.jpg,2
levle2_111_rc.jpg,2
levle2_112.jpg,2
levle2_113.jpg,2
levle2_114_chin.jpg,2
levle2_114_fh.jpg,2
levle2_114_lc.jpg,2
levle2_115_chin.jpg,2
levle2_115_fh.jpg,2
levle2_115_rc.jpg,2
levle2_116.jpg,2
levle2_117_chin.jpg,2
levle2_117_fh.jpg,2
levle2_117_lc.jpg,2
levle2_118_chin.jpg,2
levle2_118_fh.jpg,2
levle2_118_lc.jpg,2
levle2_119_chin.jpg,2
levle2_119_fh.jpg,2
levle2_119_lc.jpg,2
levle2_11_fh.jpg,2
levle2_11_lc.jpg,2
levle2_120_chin.jpg,2
levle2_120_fh.jpg,2
levle2_120_rc.jpg,2
levle2_121_chin.jpg,2
levle2_121_fh.jpg,2
levle2_121_rc.jpg,2
levle2_122_chin.jpg,2
levle2_122_fh.jpg,2
levle2_122_rc.jpg,2
levle2_123.jpg,2
levle2_124_chin.jpg,2
levle2_124_fh.jpg,2
levle2_124_rc.jpg,2
levle2_125_chin.jpg,2
levle2_125_fh.jpg,2
levle2_125_lc.jpg,2
levle2_126_chin.jpg,2
levle2_126_fh.jpg,2
levle2_126_lc.jpg,2
levle2_127_fh.jpg,2
levle2_127_rc.jpg,2
levle2_128_fh.jpg,2
levle2_128_lc.jpg,2
levle2_129_chin.jpg,2
levle2_129_fh.jpg,2
levle2_129_lc.jpg,2
levle2_12_fh.jpg,2
levle2_12_rc.jpg,2
levle2_130_chin.jpg,2
levle2_130_fh.jpg,2
levle2_130_lc.jpg,2
levle2_131_chin.jpg,2
levle2_131_fh.jpg,2
levle2_131_rc.jpg,2
levle2_132_chin.jpg,2
levle2_132_fh.jpg,2
levle2_132_rc.jpg,2
levle2_134_chin.jpg,2
levle2_134_fh.jpg,2
levle2_134_lc.jpg,2
levle2_135_chin.jpg,2
levle2_135_fh.jpg,2
levle2_135_rc.jpg,2
levle2_136_chin.jpg,2
levle2_136_fh.jpg,2
levle2_136_rc.jpg,2
levle2_137_chin.jpg,2
levle2_137_fh.jpg,2
levle2_137_rc.jpg,2
levle2_138_fh.jpg,2
levle2_138_rc.jpg,2
levle2_139_fh.jpg,2
levle2_139_lc.jpg,2
levle2_13_lc.jpg,2
levle2_140_chin.jpg,2
levle2_140_fh.jpg,2
levle2_140_lc.jpg,2
levle2_141_chin.jpg,2
levle2_141_fh.jpg,2
levle2_141_rc.jpg,2
levle2_142_chin.jpg,2
levle2_142_fh.jpg,2
levle2_142_lc.jpg,2
levle2_143_chin.jpg,2
levle2_143_fh.jpg,2
levle2_143_rc.jpg,2
levle2_144_chin.jpg,2
levle2_144_fh.jpg,2
levle2_144_lc.jpg,2
levle2_145_chin.jpg,2
levle2_145_fh.jpg,2
levle2_145_lc.jpg,2
levle2_146_fh.jpg,2
levle2_146_lc.jpg,2
levle2_147_chin.jpg,2
levle2_147_fh.jpg,2
levle2_147_rc.jpg,2
levle2_148_chin.jpg,2
levle2_148_fh.jpg,2
levle2_148_rc.jpg,2
levle2_149_chin.jpg,2
levle2_149_fh.jpg,2
levle2_149_lc.jpg,2
levle2_14_fh.jpg,2
levle2_14_rc.jpg,2
levle2_150_chin.jpg,2
levle2_150_fh.jpg,2
levle2_150_lc.jpg,2
levle2_151_chin.jpg,2
levle2_151_fh.jpg,2
levle2_151_lc.jpg,2
levle2_152_chin.jpg,2
levle2_152_fh.jpg,2
levle2_152_rc.jpg,2
levle2_153.jpg,2
levle2_154_chin.jpg,2
levle2_154_fh.jpg,2
levle2_154_lc.jpg,2
levle2_155_chin.jpg,2
levle2_155_fh.jpg,2
levle2_155_rc.jpg,2
levle2_156_chin.jpg,2
levle2_156_fh.jpg,2
levle2_156_rc.jpg,2
levle2_157_chin.jpg,2
levle2_157_fh.jpg,2
levle2_157_lc.jpg,2
levle2_158_chin.jpg,2
levle2_158_fh.jpg,2
levle2_158_rc.jpg,2
levle2_159_chin.jpg,2
levle2_159_fh.jpg,2
levle2_159_lc.jpg,2
levle2_15_fh.jpg,2
levle2_15_lc.jpg,2
levle2_160_chin.jpg,2
levle2_160_fh.jpg,2
levle2_160_lc.jpg,2
levle2_161_fh.jpg,2
levle2_161_lc.jpg,2
levle2_162_chin.jpg,2
levle2_162_fh.jpg,2
levle2_162_lc.jpg,2
levle2_163_chin.jpg,2
levle2_163_fh.jpg,2
levle2_163_lc.jpg,2
levle2_164_chin.jpg,2
levle2_164_fh.jpg,2
levle2_164_lc.jpg,2
levle2_165_chin.jpg,2
levle2_165_fh.jpg,2
levle2_165_rc.jpg,2
levle2_166_chin.jpg,2
levle2_166_fh.jpg,2
levle2_166_rc.jpg,2
levle2_167_chin.jpg,2
levle2_167_fh.jpg,2
levle2_167_lc.jpg,2
levle2_168_chin.jpg,2
levle2_168_fh.jpg,2
levle2_168_rc.jpg,2
levle2_169_chin.jpg,2
levle2_169_fh.jpg,2
levle2_169_rc.jpg,2
levle2_16_fh.jpg,2
levle2_16_rc.jpg,2
levle2_17.jpg,2
levle2_170_chin.jpg,2
levle2_170_fh.jpg,2
levle2_170_lc.jpg,2
levle2_171_chin.jpg,2
levle2_171_fh.jpg,2
levle2_171_rc.jpg,2
levle2_172_chin.jpg,2
levle2_172_fh.jpg,2
levle2_172_lc.jpg,2
levle2_173_fh.jpg,2
levle2_173_rc.jpg,2
levle2_174_chin.jpg,2
levle2_174_fh.jpg,2
levle2_174_rc.jpg,2
levle2_175_chin.jpg,2
levle2_175_fh.jpg,2
levle2_175_lc.jpg,2
levle2_176_chin.jpg,2
levle2_176_fh.jpg,2
levle2_176_rc.jpg,2
levle2_177_chin.jpg,2
levle2_177_fh.jpg,2
levle2_177_lc.jpg,2
levle2_178_chin.jpg,2
levle2_178_fh.jpg,2
levle2_178_rc.jpg,2
levle2_179_chin.jpg,2
levle2_179_fh.jpg,2
levle2_179_lc.jpg,2
levle2_180_chin.jpg,2
levle2_180_fh.jpg,2
levle2_180_rc.jpg,2
levle2_181_chin.jpg,2
levle2_181_fh.jpg,2
levle2_181_rc.jpg,2
levle2_182_chin.jpg,2
levle2_182_fh.jpg,2
levle2_182_lc.jpg,2
levle2_183_chin.jpg,2
levle2_183_fh.jpg,2
levle2_183_lc.jpg,2
levle2_184_chin.jpg,2
levle2_184_fh.jpg,2
levle2_184_rc.jpg,2
levle2_185_chin.jpg,2
levle2_185_fh.jpg,2
levle2_185_lc.jpg,2
levle2_186_chin.jpg,2
levle2_186_fh.jpg,2
levle2_186_rc.jpg,2
levle2_187_chin.jpg,2
levle2_187_fh.jpg,2
levle2_187_lc.jpg,2
levle2_188_fh.jpg,2
levle2_188_rc.jpg,2
levle2_189_chin.jpg,2
levle2_189_fh.jpg,2
levle2_189_rc.jpg,2
levle2_18_chin.jpg,2
levle2_18_fh.jpg,2
levle2_18_rc.jpg,2
levle2_19.jpg,2
levle2_190.jpg,2
levle2_1_fh.jpg,2
levle2_1_lc.jpg,2
levle2_20_fh.jpg,2
levle2_20_rc.jpg,2
levle2_21_chin.jpg,2
levle2_21_fh.jpg,2
levle2_21_lc.jpg,2
levle2_22.jpg,2
levle2_23.jpg,2
levle2_24.jpg,2
levle2_25_fh.jpg,2
levle2_25_rc.jpg,2
levle2_26_fh.jpg,2
levle2_26_rc.jpg,2
levle2_27_chin.jpg,2
levle2_27_fh.jpg,2
levle2_27_rc.jpg,2
levle2_28.jpg,2
levle2_29_fh.jpg,2
levle2_29_lc.jpg,2
levle2_2_fh.jpg,2
levle2_2_rc.jpg,2
levle2_30_chin.jpg,2
levle2_30_fh.jpg,2
levle2_30_rc.jpg,2
levle2_31_fh.jpg,2
levle2_31_rc.jpg,2
levle2_32_rc.jpg,2
levle2_33_chin.jpg,2
levle2_33_fh.jpg,2
levle2_33_lc.jpg,2
levle2_34_chin.jpg,2
levle2_34_fh.jpg,2
levle2_34_rc.jpg,2
levle2_35_chin.jpg,2
levle2_35_fh.jpg,2
levle2_35_rc.jpg,2
levle2_36_chin.jpg,2
levle2_36_fh.jpg,2
levle2_36_rc.jpg,2
levle2_37_chin.jpg,2
levle2_37_fh.jpg,2
levle2_37_lc.jpg,2
levle2_38_chin.jpg,2
levle2_38_fh.jpg,2
levle2_38_lc.jpg,2
levle2_39_chin.jpg,2
levle2_39_fh.jpg,2
levle2_39_rc.jpg,2
levle2_3_fh.jpg,2
levle2_3_rc.jpg,2
levle2_40_chin.jpg,2
levle2_40_fh.jpg,2
levle2_40_rc.jpg,2
levle2_41_chin.jpg,2
levle2_41_fh.jpg,2
levle2_41_lc.jpg,2
levle2_42_fh.jpg,2
levle2_42_rc.jpg,2
levle2_43_chin.jpg,2
levle2_43_fh.jpg,2
levle2_43_rc.jpg,2
levle2_44_chin.jpg,2
levle2_44_fh.jpg,2
levle2_44_lc.jpg,2
levle2_44_rc.jpg,2
levle2_45.jpg,2
levle2_46.jpg,2
levle2_47.jpg,2
levle2_48_chin.jpg,2
levle2_48_fh.jpg,2
levle2_48_lc.jpg,2
levle2_48_rc.jpg,2
levle2_49_fh.jpg,2
levle2_49_lc.jpg,2
levle2_4_fh.jpg,2
levle2_4_rc.jpg,2
levle2_50_chin.jpg,2
levle2_50_fh.jpg,2
levle2_50_rc.jpg,2
levle2_51_fh.jpg,2
levle2_51_rc.jpg,2
levle2_52_chin.jpg,2
levle2_52_fh.jpg,2
levle2_52_rc.jpg,2
levle2_53_chin.jpg,2
levle2_53_fh.jpg,2
levle2_53_rc.jpg,2
levle2_54_chin.jpg,2
levle2_54_fh.jpg,2
levle2_54_rc.jpg,2
levle2_55_fh.jpg,2
levle2_55_lc.jpg,2
levle2_56_fh.jpg,2
levle2_56_lc.jpg,2
levle2_57_fh.jpg,2
levle2_57_lc.jpg,2
levle2_58_chin.jpg,2
levle2_58_fh.jpg,2
levle2_58_lc.jpg,2
levle2_58_rc.jpg,2
levle2_59_chin.jpg,2
levle2_59_fh.jpg,2
levle2_59_lc.jpg,2
levle2_5_fh.jpg,2
levle2_5_lc.jpg,2
levle2_6.jpg,2
levle2_60_chin.jpg,2
levle2_60_fh.jpg,2
levle2_60_rc.jpg,2
levle2_61_chin.jpg,2
levle2_61_fh.jpg,2
levle2_61_lc.jpg,2
levle2_62_fh.jpg,2
levle2_62_lc.jpg,2
levle2_63.jpg,2
levle2_64_chin.jpg,2
levle2_64_fh.jpg,2
levle2_64_lc.jpg,2
levle2_65_chin.jpg,2
levle2_65_fh.jpg,2
levle2_65_rc.jpg,2
levle2_66.jpg,2
levle2_67_chin.jpg,2
levle2_67_fh.jpg,2
levle2_67_rc.jpg,2
levle2_68_fh.jpg,2
levle2_68_rc.jpg,2
levle2_69_chin.jpg,2
levle2_69_fh.jpg,2
levle2_69_lc.jpg,2
levle2_7.jpg,2
levle2_70_chin.jpg,2
levle2_70_fh.jpg,2
levle2_70_lc.jpg,2
levle2_71_chin.jpg,2
levle2_71_fh.jpg,2
levle2_71_lc.jpg,2
levle2_72_chin.jpg,2
levle2_72_fh.jpg,2
levle2_72_rc.jpg,2
levle2_73_chin.jpg,2
levle2_73_fh.jpg,2
levle2_73_lc.jpg,2
levle2_74_chin.jpg,2
levle2_74_fh.jpg,2
levle2_74_lc.jpg,2
levle2_75_chin.jpg,2
levle2_75_fh.jpg,2
levle2_75_lc.jpg,2
levle2_76_chin.jpg,2
levle2_76_fh.jpg,2
levle2_76_lc.jpg,2
levle2_77_chin.jpg,2
levle2_77_fh.jpg,2
levle2_77_rc.jpg,2
levle2_78_chin.jpg,2
levle2_78_fh.jpg,2
levle2_78_rc.jpg,2
levle2_79_chin.jpg,2
levle2_79_fh.jpg,2
levle2_79_lc.jpg,2
levle2_81_chin.jpg,2
levle2_81_fh.jpg,2
levle2_81_lc.jpg,2
levle2_82_chin.jpg,2
levle2_82_fh.jpg,2
levle2_82_rc.jpg,2
levle2_83_chin.jpg,2
levle2_83_fh.jpg,2
levle2_83_rc.jpg,2
levle2_84_chin.jpg,2
levle2_84_fh.jpg,2
levle2_84_rc.jpg,2
levle2_85_chin.jpg,2
levle2_85_fh.jpg,2
levle2_85_lc.jpg,2
levle2_85_rc.jpg,2
levle2_86_chin.jpg,2
levle2_86_fh.jpg,2
levle2_86_lc.jpg,2
levle2_87_fh.jpg,2
levle2_87_rc.jpg,2
levle2_88_chin.jpg,2
levle2_88_fh.jpg,2
levle2_88_rc.jpg,2
levle2_89_fh.jpg,2
levle2_89_lc.jpg,2
levle2_8_fh.jpg,2
levle2_8_lc.jpg,2
levle2_9.jpg,2
levle2_90_fh.jpg,2
levle2_90_rc.jpg,2
levle2_92_chin.jpg,2
levle2_92_fh.jpg,2
levle2_92_rc.jpg,2
levle2_93.jpg,2
levle2_94_chin.jpg,2
levle2_94_fh.jpg,2
levle2_94_rc.jpg,2
levle2_95_chin.jpg,2
levle2_95_fh.jpg,2
levle2_95_lc.jpg,2
levle2_96_chin.jpg,2
levle2_96_fh.jpg,2
levle2_96_lc.jpg,2
levle2_97_chin.jpg,2
levle2_97_fh.jpg,2
levle2_97_rc.jpg,2
levle2_98_chin.jpg,2
levle2_98_fh.jpg,2
levle2_98_lc.jpg,2
levle2_99_chin.jpg,2
levle2_99_fh.jpg,2
levle2_99_lc.jpg,2
levle2_99_rc.jpg,2
levle3_0_fh.jpg,3
levle3_0_rc.jpg,3
levle3_10.jpg,3
levle3_100_chin.jpg,3
levle3_100_fh.jpg,3
levle3_100_rc.jpg,3
levle3_101_fh.jpg,3
levle3_101_rc.jpg,3
levle3_102.jpg,3
levle3_103_fh.jpg,3
levle3_103_rc.jpg,3
levle3_104_fh.jpg,3
levle3_104_lc.jpg,3
levle3_105_fh.jpg,3
levle3_105_lc.jpg,3
levle3_106_chin.jpg,3
levle3_106_fh.jpg,3
levle3_106_rc.jpg,3
levle3_107_fh.jpg,3
levle3_107_rc.jpg,3
levle3_108.jpg,3
levle3_109.jpg,3
levle3_110.jpg,3
levle3_111_chin.jpg,3
levle3_111_fh.jpg,3
levle3_111_rc.jpg,3
levle3_112_chin.jpg,3
levle3_112_fh.jpg,3
levle3_112_lc.jpg,3
levle3_113_chin.jpg,3
levle3_113_fh.jpg,3
levle3_113_rc.jpg,3
levle3_114_chin.jpg,3
levle3_114_fh.jpg,3
levle3_114_lc.jpg,3
levle3_115_chin.jpg,3
levle3_115_fh.jpg,3
levle3_115_lc.jpg,3
levle3_116_chin.jpg,3
levle3_116_fh.jpg,3
levle3_116_rc.jpg,3
levle3_117_fh.jpg,3
levle3_117_rc.jpg,3
levle3_118_fh.jpg,3
levle3_118_rc.jpg,3
levle3_119.jpg,3
levle3_11_fh.jpg,3
levle3_11_lc.jpg,3
levle3_120_fh.jpg,3
levle3_120_lc.jpg,3
levle3_121_fh.jpg,3
levle3_121_lc.jpg,3
levle3_122_fh.jpg,3
levle3_122_rc.jpg,3
levle3_123.jpg,3
levle3_124_fh.jpg,3
levle3_124_lc.jpg,3
levle3_125.jpg,3
levle3_126_fh.jpg,3
levle3_126_rc.jpg,3
levle3_127_fh.jpg,3
levle3_127_rc.jpg,3
levle3_128_fh.jpg,3
levle3_128_rc.jpg,3
levle3_129_fh.jpg,3
levle3_129_lc.jpg,3
levle3_12_fh.jpg,3
levle3_12_lc.jpg,3
levle3_130_chin.jpg,3
levle3_130_fh.jpg,3
levle3_130_rc.jpg,3
levle3_131_fh.jpg,3
levle3_131_rc.jpg,3
levle3_132_chin.jpg,3
levle3_132_fh.jpg,3
levle3_132_lc.jpg,3
levle3_133_chin.jpg,3
levle3_133_fh.jpg,3
levle3_133_lc.jpg,3
levle3_136_fh.jpg,3
levle3_136_lc.jpg,3
levle3_137_fh.jpg,3
levle3_137_rc.jpg,3
levle3_13_fh.jpg,3
levle3_13_lc.jpg,3
levle3_140.jpg,3
levle3_141_fh.jpg,3
levle3_141_rc.jpg,3
levle3_142_fh.jpg,3
levle3_142_lc.jpg,3
levle3_143_fh.jpg,3
levle3_143_lc.jpg,3
levle3_144_fh.jpg,3
levle3_144_lc.jpg,3
levle3_145_fh.jpg,3
levle3_145_rc.jpg,3
levle3_14_fh.jpg,3
levle3_14_lc.jpg,3
levle3_15_fh.jpg,3
levle3_15_rc.jpg,3
levle3_16_fh.jpg,3
levle3_16_lc.jpg,3
levle3_17_fh.jpg,3
levle3_17_lc.jpg,3
levle3_18.jpg,3
levle3_19.jpg,3
levle3_1_fh.jpg,3
levle3_1_rc.jpg,3
levle3_20.jpg,3
levle3_21.jpg,3
levle3_22_fh.jpg,3
levle3_22_lc.jpg,3
levle3_23_fh.jpg,3
levle3_23_rc.jpg,3
levle3_24.jpg,3
levle3_25.jpg,3
levle3_26.jpg,3
levle3_27_fh.jpg,3
levle3_27_rc.jpg,3
levle3_28.jpg,3
levle3_29.jpg,3
levle3_2_fh.jpg,3
levle3_2_lc.jpg,3
levle3_30.jpg,3
levle3_31_fh.jpg,3
levle3_31_rc.jpg,3
levle3_33_rc.jpg,3
levle3_34_fh.jpg,3
levle3_34_rc.jpg,3
levle3_36_fh.jpg,3
levle3_36_rc.jpg,3
levle3_37.jpg,3
levle3_38_fh.jpg,3
levle3_38_rc.jpg,3
levle3_39.jpg,3
levle3_3_fh.jpg,3
levle3_3_rc.jpg,3
levle3_40_fh.jpg,3
levle3_40_lc.jpg,3
levle3_41_fh.jpg,3
levle3_41_lc.jpg,3
levle3_42_fh.jpg,3
levle3_42_rc.jpg,3
levle3_43_fh.jpg,3
levle3_43_lc.jpg,3
levle3_44.jpg,3
levle3_45_lc.jpg,3
levle3_46_fh.jpg,3
levle3_46_lc.jpg,3
levle3_47_rc.jpg,3
levle3_48.jpg,3
levle3_49_fh.jpg,3
levle3_49_lc.jpg,3
levle3_4_rc.jpg,3
levle3_50.jpg,3
levle3_51_fh.jpg,3
levle3_51_rc.jpg,3
levle3_52.jpg,3
levle3_53_fh.jpg,3
levle3_53_rc.jpg,3
levle3_54_fh.jpg,3
levle3_54_rc.jpg,3
levle3_55_fh.jpg,3
levle3_55_lc.jpg,3
levle3_56.jpg,3
levle3_57.jpg,3
levle3_58_fh.jpg,3
levle3_58_rc.jpg,3
levle3_59.jpg,3
levle3_5_fh.jpg,3
levle3_5_lc.jpg,3
levle3_6.jpg,3
levle3_60_fh.jpg,3
levle3_60_lc.jpg,3
levle3_61_fh.jpg,3
levle3_61_lc.jpg,3
levle3_62_fh.jpg,3
levle3_62_rc.jpg,3
levle3_63.jpg,3
levle3_64_fh.jpg,3
levle3_64_lc.jpg,3
levle3_65_fh.jpg,3
levle3_65_rc.jpg,3
levle3_66_fh.jpg,3
levle3_66_rc.jpg,3
levle3_67.jpg,3
levle3_68.jpg,3
levle3_70.jpg,3
levle3_71_fh.jpg,3
levle3_71_rc.jpg,3
levle3_72_chin.jpg,3
levle3_72_fh.jpg,3
levle3_72_lc.jpg,3
levle3_73_fh.jpg,3
levle3_73_lc.jpg,3
levle3_74_fh.jpg,3
levle3_74_rc.jpg,3
levle3_75.jpg,3
levle3_76.jpg,3
levle3_77_fh.jpg,3
levle3_77_lc.jpg,3
levle3_78.jpg,3
levle3_79_fh.jpg,3
levle3_79_rc.jpg,3
levle3_7_fh.jpg,3
levle3_7_lc.jpg,3
levle3_80_chin.jpg,3
levle3_80_fh.jpg,3
levle3_80_lc.jpg,3
levle3_81_fh.jpg,3
levle3_81_lc.jpg,3
levle3_82_chin.jpg,3
levle3_82_fh.jpg,3
levle3_82_lc.jpg,3
levle3_83_chin.jpg,3
levle3_83_fh.jpg,3
levle3_83_rc.jpg,3
levle3_84.jpg,3
levle3_85_fh.jpg,3
levle3_85_lc.jpg,3
levle3_86.jpg,3
levle3_87_chin.jpg,3
levle3_87_fh.jpg,3
levle3_87_lc.jpg,3
levle3_88.jpg,3
levle3_89_chin.jpg,3
levle3_89_fh.jpg,3
levle3_89_rc.jpg,3
levle3_8_fh.jpg,3
levle3_8_lc.jpg,3
levle3_90_chin.jpg,3
levle3_90_fh.jpg,3
levle3_90_lc.jpg,3
levle3_91_fh.jpg,3
levle3_91_lc.jpg,3
levle3_92_lc.jpg,3
levle3_93_fh.jpg,3
levle3_93_rc.jpg,3
levle3_94_fh.jpg,3
levle3_94_rc.jpg,3
levle3_95.jpg,3
levle3_96.jpg,3
levle3_97_chin.jpg,3
levle3_97_fh.jpg,3
levle3_97_rc.jpg,3
levle3_9_fh.jpg,3
levle3_9_lc.jpg,3
